,BingoCPP,Bingo
0,86.08988213539124,46.0298840999603
1,67.3056435585022,32.1637899875641
2,73.79764008522034,26.9740300178528
3,94.0880925655365,29.4188187122345
4,134.86144065856934,25.6354289054871
5,79.61821508407593,29.0280501842499
6,71.12656736373901,28.4689977169037
7,105.26369452476501,31.5125052928925
8,107.52874565124512,30.4196343421936
9,76.25562334060669,35.4546122550964
