"",BingoCPP,Bingo
0,0.6167369261932515,0.567233535709069
1,0.5815396792464778,0.559742428162326
2,0.5613846411680238,0.581539679246478
3,0.5744134798874269,0.641739161319872
4,0.5869121926581142,0.594854903146628
5,0.5735899992911973,0.623609850213895
6,0.6236098502138949,0.581539679246478
7,0.5850495877431723,0.546296814610079
8,0.561979192872659,0.546296814610079
9,0.5815396792464778,0.559545480451049
