{
    "data_gen1": {
        "generation": 1,
        "best_fit": 0.5628862380981445,
        "worest_fit": 1.4781558513641357,
        "mean_fit": 1.183069876395166,
        "best_ind": "(X_2 + ((((((exp((cos(1.042737603187561)))) + ((sin(X_1)) + X_3)) + (((-0.720780611038208 pow 2.0) + (X_3 * 0.7566836476325989)) + ((3.7206525802612305 + X_0) / (X_1 * (X_3 * X_1))))) / (X_2 pow ((exp((sin(0.26120516657829285)))) pow 2.0))) * -0.7698714733123779) * 0.45924001932144165))",
        "history_best_fit": 0.5628862380981445,
        "history_best_ind": "(X_2 + ((((((exp((cos(1.042737603187561)))) + ((sin(X_1)) + X_3)) + (((-0.720780611038208 pow 2.0) + (X_3 * 0.7566836476325989)) + ((3.7206525802612305 + X_0) / (X_1 * (X_3 * X_1))))) / (X_2 pow ((exp((sin(0.26120516657829285)))) pow 2.0))) * -0.7698714733123779) * 0.45924001932144165))",
        "max_length": 43,
        "min_length": 1,
        "mean_length": 10.1953125
    },
    "data_gen2": {
        "generation": 2,
        "best_fit": 0.5628862380981445,
        "worest_fit": 1.224128246307373,
        "mean_fit": 0.9335453789681196,
        "best_ind": "(X_2 + ((((((exp((cos(1.042737603187561)))) + ((sin(X_1)) + X_3)) + (((-0.720780611038208 pow 2.0) + (X_3 * 0.7566836476325989)) + ((3.7206525802612305 + X_0) / (X_1 * (X_3 * X_1))))) / (X_2 pow ((exp((sin(0.26120516657829285)))) pow 2.0))) * -0.7698714733123779) * 0.45924001932144165))",
        "history_best_fit": 0.5628862380981445,
        "history_best_ind": "(X_2 + ((((((exp((cos(1.042737603187561)))) + ((sin(X_1)) + X_3)) + (((-0.720780611038208 pow 2.0) + (X_3 * 0.7566836476325989)) + ((3.7206525802612305 + X_0) / (X_1 * (X_3 * X_1))))) / (X_2 pow ((exp((sin(0.26120516657829285)))) pow 2.0))) * -0.7698714733123779) * 0.45924001932144165))",
        "max_length": 43,
        "min_length": 1,
        "mean_length": 8.40625
    },
    "data_gen3": {
        "generation": 3,
        "best_fit": 0.5628862380981445,
        "worest_fit": 0.9659122228622437,
        "mean_fit": 0.8265446433797479,
        "best_ind": "(X_2 + ((((((exp((cos(1.042737603187561)))) + ((sin(X_1)) + X_3)) + (((-0.720780611038208 pow 2.0) + (X_3 * 0.7566836476325989)) + ((3.7206525802612305 + X_0) / (X_1 * (X_3 * X_1))))) / (X_2 pow ((exp((sin(0.26120516657829285)))) pow 2.0))) * -0.7698714733123779) * 0.45924001932144165))",
        "history_best_fit": 0.5628862380981445,
        "history_best_ind": "(X_2 + ((((((exp((cos(1.042737603187561)))) + ((sin(X_1)) + X_3)) + (((-0.720780611038208 pow 2.0) + (X_3 * 0.7566836476325989)) + ((3.7206525802612305 + X_0) / (X_1 * (X_3 * X_1))))) / (X_2 pow ((exp((sin(0.26120516657829285)))) pow 2.0))) * -0.7698714733123779) * 0.45924001932144165))",
        "max_length": 43,
        "min_length": 1,
        "mean_length": 9.515625
    },
    "data_gen4": {
        "generation": 4,
        "best_fit": 0.5765261054039001,
        "worest_fit": 3.4028234663852886e+38,
        "mean_fit": 5.316911666227013e+37,
        "best_ind": "(X_2 + ((((((exp((cos(1.042737603187561)))) + ((sin(X_1)) + X_3)) + (((-0.720780611038208 pow 2.0) + (X_3 * 0.7566836476325989)) + ((3.7206525802612305 + 0.09679056704044342) / (X_1 * (X_3 * X_1))))) / (X_2 pow ((exp((sin(0.26120516657829285)))) pow 2.0))) * -0.7698714733123779) * 0.45924001932144165))",
        "history_best_fit": 0.5628862380981445,
        "history_best_ind": "(X_2 + ((((((exp((cos(1.042737603187561)))) + ((sin(X_1)) + X_3)) + (((-0.720780611038208 pow 2.0) + (X_3 * 0.7566836476325989)) + ((3.7206525802612305 + X_0) / (X_1 * (X_3 * X_1))))) / (X_2 pow ((exp((sin(0.26120516657829285)))) pow 2.0))) * -0.7698714733123779) * 0.45924001932144165))",
        "max_length": 54,
        "min_length": 1,
        "mean_length": 13.6953125
    },
    "data_gen5": {
        "generation": 5,
        "best_fit": 0.5765261054039001,
        "worest_fit": 3.4028234663852886e+38,
        "mean_fit": 2.6584558331135067e+36,
        "best_ind": "(X_2 + ((((((exp((cos(1.042737603187561)))) + ((sin(X_1)) + X_3)) + (((-0.720780611038208 pow 2.0) + (X_3 * 0.7566836476325989)) + ((3.7206525802612305 + 0.09679056704044342) / (X_1 * (X_3 * X_1))))) / (X_2 pow ((exp((sin(0.26120516657829285)))) pow 2.0))) * -0.7698714733123779) * 0.45924001932144165))",
        "history_best_fit": 0.5628862380981445,
        "history_best_ind": "(X_2 + ((((((exp((cos(1.042737603187561)))) + ((sin(X_1)) + X_3)) + (((-0.720780611038208 pow 2.0) + (X_3 * 0.7566836476325989)) + ((3.7206525802612305 + X_0) / (X_1 * (X_3 * X_1))))) / (X_2 pow ((exp((sin(0.26120516657829285)))) pow 2.0))) * -0.7698714733123779) * 0.45924001932144165))",
        "max_length": 47,
        "min_length": 1,
        "mean_length": 14.578125
    },
    "data_gen6": {
        "generation": 6,
        "best_fit": 0.5765261054039001,
        "worest_fit": 0.796272873878479,
        "mean_fit": 0.7368165291845798,
        "best_ind": "(X_2 + ((((((exp((cos(1.042737603187561)))) + ((sin(X_1)) + X_3)) + (((-0.720780611038208 pow 2.0) + (X_3 * 0.7566836476325989)) + ((3.7206525802612305 + 0.09679056704044342) / (X_1 * (X_3 * X_1))))) / (X_2 pow ((exp((sin(0.26120516657829285)))) pow 2.0))) * -0.7698714733123779) * 0.45924001932144165))",
        "history_best_fit": 0.5628862380981445,
        "history_best_ind": "(X_2 + ((((((exp((cos(1.042737603187561)))) + ((sin(X_1)) + X_3)) + (((-0.720780611038208 pow 2.0) + (X_3 * 0.7566836476325989)) + ((3.7206525802612305 + X_0) / (X_1 * (X_3 * X_1))))) / (X_2 pow ((exp((sin(0.26120516657829285)))) pow 2.0))) * -0.7698714733123779) * 0.45924001932144165))",
        "max_length": 47,
        "min_length": 1,
        "mean_length": 14.4453125
    },
    "data_gen7": {
        "generation": 7,
        "best_fit": 0.5765261054039001,
        "worest_fit": 0.796272873878479,
        "mean_fit": 0.6773601844906807,
        "best_ind": "(X_2 + ((((((exp((cos(1.042737603187561)))) + ((sin(X_1)) + X_3)) + (((-0.720780611038208 pow 2.0) + (X_3 * 0.7566836476325989)) + ((3.7206525802612305 + 0.09679056704044342) / (X_1 * (X_3 * X_1))))) / (X_2 pow ((exp((sin(0.26120516657829285)))) pow 2.0))) * -0.7698714733123779) * 0.45924001932144165))",
        "history_best_fit": 0.5628862380981445,
        "history_best_ind": "(X_2 + ((((((exp((cos(1.042737603187561)))) + ((sin(X_1)) + X_3)) + (((-0.720780611038208 pow 2.0) + (X_3 * 0.7566836476325989)) + ((3.7206525802612305 + X_0) / (X_1 * (X_3 * X_1))))) / (X_2 pow ((exp((sin(0.26120516657829285)))) pow 2.0))) * -0.7698714733123779) * 0.45924001932144165))",
        "max_length": 47,
        "min_length": 1,
        "mean_length": 26.1171875
    },
    "data_gen8": {
        "generation": 8,
        "best_fit": 0.5765261054039001,
        "worest_fit": 0.6555127501487732,
        "mean_fit": 0.625648520886898,
        "best_ind": "(X_2 + ((((((exp((cos(1.042737603187561)))) + ((sin(X_1)) + X_3)) + (((-0.720780611038208 pow 2.0) + (X_3 * 0.7566836476325989)) + ((3.7206525802612305 + 0.09679056704044342) / (X_1 * (X_3 * X_1))))) / (X_2 pow ((exp((sin(0.26120516657829285)))) pow 2.0))) * -0.7698714733123779) * 0.45924001932144165))",
        "history_best_fit": 0.5628862380981445,
        "history_best_ind": "(X_2 + ((((((exp((cos(1.042737603187561)))) + ((sin(X_1)) + X_3)) + (((-0.720780611038208 pow 2.0) + (X_3 * 0.7566836476325989)) + ((3.7206525802612305 + X_0) / (X_1 * (X_3 * X_1))))) / (X_2 pow ((exp((sin(0.26120516657829285)))) pow 2.0))) * -0.7698714733123779) * 0.45924001932144165))",
        "max_length": 47,
        "min_length": 25,
        "mean_length": 34.0
    },
    "data_gen9": {
        "generation": 9,
        "best_fit": 0.5765261054039001,
        "worest_fit": 0.6273286938667297,
        "mean_fit": 0.6041617542505264,