{
    "data_gen1": {
        "generation": 1,
        "best_fit": 0.7240323424339294,
        "worest_fit": 3.4028234663852886e+38,
        "mean_fit": 1.914088199841725e+38,
        "best_ind": "((cos(((((-2.180450201034546 - X_3) - -1.1534520387649536) pow 2.0) / 0.3123246729373932))) - (X_2 * ((cos((cos((X_2 + (log(X_1))))))) pow (log((exp((0.13105368614196777 - (-1.3283746242523193 + X_3)))))))))",
        "history_best_fit": 0.7240323424339294,
        "history_best_ind": "((cos(((((-2.180450201034546 - X_3) - -1.1534520387649536) pow 2.0) / 0.3123246729373932))) - (X_2 * ((cos((cos((X_2 + (log(X_1))))))) pow (log((exp((0.13105368614196777 - (-1.3283746242523193 + X_3)))))))))",
        "action_length": 9,
        "actions": "[3, 3, 4, 2, 3, 1, 1, 2, 6]",
        "max_length": 54,
        "min_length": 1,
        "mean_length": 25.6640625
    },
    "data_gen2": {
        "generation": 2,
        "best_fit": 2.9049951777437855e-08,
        "worest_fit": 3.4028234663852886e+38,
        "mean_fit": 3.7218381663589094e+37,
        "best_ind": "(((((0.0 - 2.187404155731201) + (0.1881936937570572 * X_1)) + (0.23029941320419312 * X_2)) + (0.35475143790245056 * X_3)) + (0.5906545519828796 * X_4))",
        "history_best_fit": 2.9049951777437855e-08,
        "history_best_ind": "(((((0.0 - 2.187404155731201) + (0.1881936937570572 * X_1)) + (0.23029941320419312 * X_2)) + (0.35475143790245056 * X_3)) + (0.5906545519828796 * X_4))",
        "action_length": 10,
        "actions": "[2, 5, 3, 3, 3, 3, 3, 2, 4, 6]",
        "max_length": 52,
        "min_length": 1,
        "mean_length": 14.9140625
    },
    "data_gen3": {
        "generation": 3,
        "best_fit": 2.9049951777437855e-08,
        "worest_fit": 1.425434947013855,
        "mean_fit": 1.031232048279957,
        "best_ind": "(((((0.0 - 2.187404155731201) + (0.1881936937570572 * X_1)) + (0.23029941320419312 * X_2)) + (0.35475143790245056 * X_3)) + (0.5906545519828796 * X_4))",
        "history_best_fit": 2.9049951777437855e-08,
        "history_best_ind": "(((((0.0 - 2.187404155731201) + (0.1881936937570572 * X_1)) + (0.23029941320419312 * X_2)) + (0.35475143790245056 * X_3)) + (0.5906545519828796 * X_4))",
        "action_length": 1,
        "actions": "[6]",
        "max_length": 51,
        "min_length": 1,
        "mean_length": 11.5625
    },
    "data_gen4": {
        "generation": 4,
        "best_fit": 2.9049951777437855e-08,
        "worest_fit": 1.4768743515014648,
        "mean_fit": 0.8616105981342898,
        "best_ind": "(((((0.0 - 2.187404155731201) + (0.1881936937570572 * X_1)) + (0.23029941320419312 * X_2)) + (0.35475143790245056 * X_3)) + (0.5906545519828796 * X_4))",
        "history_best_fit": 2.9049951777437855e-08,
        "history_best_ind": "(((((0.0 - 2.187404155731201) + (0.1881936937570572 * X_1)) + (0.23029941320419312 * X_2)) + (0.35475143790245056 * X_3)) + (0.5906545519828796 * X_4))",
        "action_length": 13,
        "actions": "[3, 3, 3, 3, 3, 3, 3, 3, 5, 3, 4, 3, 6]",
        "max_length": 40,
        "min_length": 1,
        "mean_length": 8.2578125
    },
    "data_gen5": {
        "generation": 5,
        "best_fit": 0.0,
        "worest_fit": 3.4028234663852886e+38,
        "mean_fit": 5.848602832849715e+37,
        "best_ind": "(((((0.0 - 2.187404155731201) + (0.1881936937570572 * X_1)) + (0.23029941320419312 * X_2)) + (0.35475143790245056 * X_0)) + (0.5906545519828796 * X_4))",
        "history_best_fit": 0.0,
        "history_best_ind": "(((((0.0 - 2.187404155731201) + (0.1881936937570572 * X_1)) + (0.23029941320419312 * X_2)) + (0.35475143790245056 * X_0)) + (0.5906545519828796 * X_4))",
        "action_length": 19,
        "actions": "[3, 3, 3, 3, 3, 3, 3, 3, 3, 3, 5, 3, 1, 2, 3, 3, 3, 3, 6]",
        "max_length": 53,
        "min_length": 1,
        "mean_length": 13.109375
    }
}