{
    "data_gen1": {
        "generation": 1,
        "best_fit": 0.6768348813056946,
        "worest_fit": 1.471496343612671,
        "mean_fit": 1.192606165073812,
        "best_ind": "(((exp((log(X_3)))) + ((1.1780040264129639 / X_1) * (log(X_3)))) - (((0.7391920685768127 * 1.1452133655548096) - (log(X_3))) * ((sin(-0.35129213333129883)) + (1.1953935623168945 pow 2.0))))",
        "history_best_fit": 0.6768348813056946,
        "history_best_ind": "(((exp((log(X_3)))) + ((1.1780040264129639 / X_1) * (log(X_3)))) - (((0.7391920685768127 * 1.1452133655548096) - (log(X_3))) * ((sin(-0.35129213333129883)) + (1.1953935623168945 pow 2.0))))",
        "action_length": 1,
        "actions": "[5]",
        "max_length": 52,
        "min_length": 1,
        "mean_length": 8.859375
    },
    "data_gen2": {
        "generation": 2,
        "best_fit": 0.6768348813056946,
        "worest_fit": 1.2555874586105347,
        "mean_fit": 0.9470857959240675,
        "best_ind": "(((exp((log(X_3)))) + ((1.1780040264129639 / X_1) * (log(X_3)))) - (((0.7391920685768127 * 1.1452133655548096) - (log(X_3))) * ((sin(-0.35129213333129883)) + (1.1953935623168945 pow 2.0))))",
        "history_best_fit": 0.6768348813056946,
        "history_best_ind": "(((exp((log(X_3)))) + ((1.1780040264129639 / X_1) * (log(X_3)))) - (((0.7391920685768127 * 1.1452133655548096) - (log(X_3))) * ((sin(-0.35129213333129883)) + (1.1953935623168945 pow 2.0))))",
        "action_length": 1,
        "actions": "[5]",
        "max_length": 48,
        "min_length": 1,
        "mean_length": 7.03125
    },
    "data_gen3": {
        "generation": 3,
        "best_fit": 0.6768348813056946,
        "worest_fit": 0.941694974899292,
        "mean_fit": 0.8679523952305317,
        "best_ind": "(((exp((log(X_3)))) + ((1.1780040264129639 / X_1) * (log(X_3)))) - (((0.7391920685768127 * 1.1452133655548096) - (log(X_3))) * ((sin(-0.35129213333129883)) + (1.1953935623168945 pow 2.0))))",
        "history_best_fit": 0.6768348813056946,
        "history_best_ind": "(((exp((log(X_3)))) + ((1.1780040264129639 / X_1) * (log(X_3)))) - (((0.7391920685768127 * 1.1452133655548096) - (log(X_3))) * ((sin(-0.35129213333129883)) + (1.1953935623168945 pow 2.0))))",
        "action_length": 1,
        "actions": "[5]",
        "max_length": 41,
        "min_length": 1,
        "mean_length": 6.75
    },
    "data_gen4": {
        "generation": 4,
        "best_fit": 0.6768348813056946,
        "worest_fit": 0.8903741836547852,
        "mean_fit": 0.7943746000528336,
        "best_ind": "(((exp((log(X_3)))) + ((1.1780040264129639 / X_1) * (log(X_3)))) - (((0.7391920685768127 * 1.1452133655548096) - (log(X_3))) * ((sin(-0.35129213333129883)) + (1.1953935623168945 pow 2.0))))",
        "history_best_fit": 0.6768348813056946,
        "history_best_ind": "(((exp((log(X_3)))) + ((1.1780040264129639 / X_1) * (log(X_3)))) - (((0.7391920685768127 * 1.1452133655548096) - (log(X_3))) * ((sin(-0.35129213333129883)) + (1.1953935623168945 pow 2.0))))",
        "action_length": 1,
        "actions": "[5]",
        "max_length": 24,
        "min_length": 1,
        "mean_length": 6.875
    },
    "data_gen5": {
        "generation": 5,
        "best_fit": 0.6768348813056946,
        "worest_fit": 0.7962726950645447,
        "mean_fit": 0.7567518204450607,
        "best_ind": "(((exp((log(X_3)))) + ((1.1780040264129639 / X_1) * (log(X_3)))) - (((0.7391920685768127 * 1.1452133655548096) - (log(X_3))) * ((sin(-0.35129213333129883)) + (1.1953935623168945 pow 2.0))))",
        "history_best_fit": 0.6768348813056946,
        "history_best_ind": "(((exp((log(X_3)))) + ((1.1780040264129639 / X_1) * (log(X_3)))) - (((0.7391920685768127 * 1.1452133655548096) - (log(X_3))) * ((sin(-0.35129213333129883)) + (1.1953935623168945 pow 2.0))))",
        "action_length": 1,
        "actions": "[5]",
        "max_length": 24,
        "min_length": 5,
        "mean_length": 11.0
    },
    "data_gen6": {
        "generation": 6,
        "best_fit": 0.6768348813056946,
        "worest_fit": 0.7577175498008728,
        "mean_fit": 0.7172762155532837,
        "best_ind": "(((exp((log(X_3)))) + ((1.1780040264129639 / X_1) * (log(X_3)))) - (((0.7391920685768127 * 1.1452133655548096) - (log(X_3))) * ((sin(-0.35129213333129883)) + (1.1953935623168945 pow 2.0))))",
        "history_best_fit": 0.6768348813056946,
        "history_best_ind": "(((exp((log(X_3)))) + ((1.1780040264129639 / X_1) * (log(X_3)))) - (((0.7391920685768127 * 1.1452133655548096) - (log(X_3))) * ((sin(-0.35129213333129883)) + (1.1953935623168945 pow 2.0))))",
        "action_length": 1,
        "actions": "[5]",
        "max_length": 24,
        "min_length": 6,
        "mean_length": 15.0
    },
    "data_gen7": {
        "generation": 7,
        "best_fit": 0.6768348813056946,
        "worest_fit": 0.6768348813056946,
        "mean_fit": 0.6768348813056946,
        "best_ind": "(((exp((log(X_3)))) + ((1.1780040264129639 / X_1) * (log(X_3)))) - (((0.7391920685768127 * 1.1452133655548096) - (log(X_3))) * ((sin(-0.35129213333129883)) + (1.1953935623168945 pow 2.0))))",
        "history_best_fit": 0.6768348813056946,
        "history_best_ind": "(((exp((log(X_3)))) + ((1.1780040264129639 / X_1) * (log(X_3)))) - (((0.7391920685768127 * 1.1452133655548096) - (log(X_3))) * ((sin(-0.35129213333129883)) + (1.1953935623168945 pow 2.0))))",
        "action_length": 1,
        "actions": "[5]",
        "max_length": 24,
        "min_length": 24,
        "mean_length": 24.0
    }
}