{
    "data_gen1": {
        "generation": 1,
        "best_fit": 2.681189137376805e-08,
        "worest_fit": 3.4028234663852886e+38,
        "mean_fit": 1.6374488860801388e+38,
        "best_ind": "(((((((log((cos(-0.3740345537662506)))) + ((1.1337103843688965 / X_0) * (X_3 / -1.7182973623275757))) - 2.187404155731201) + (0.1881936937570572 * X_1)) + (0.23029941320419312 * X_2)) + (0.35475143790245056 * X_3)) + (0.5906545519828796 * X_4))",
        "history_best_fit": 2.681189137376805e-08,
        "history_best_ind": "(((((((log((cos(-0.3740345537662506)))) + ((1.1337103843688965 / X_0) * (X_3 / -1.7182973623275757))) - 2.187404155731201) + (0.1881936937570572 * X_1)) + (0.23029941320419312 * X_2)) + (0.35475143790245056 * X_3)) + (0.5906545519828796 * X_4))",
        "action_length": 2,
        "actions": "[1, 5]",
        "value_seq": "None",
        "max_length": 54,
        "min_length": 1,
        "mean_length": 20.593984962406015
    },
    "data_gen2": {
        "generation": 2,
        "best_fit": 2.681189137376805e-08,
        "worest_fit": 1.4768743515014648,
        "mean_fit": 1.0830432616949375,
        "best_ind": "(((((((log((cos(-0.3740345537662506)))) + ((1.1337103843688965 / X_0) * (X_3 / -1.7182973623275757))) - 2.187404155731201) + (0.1881936937570572 * X_1)) + (0.23029941320419312 * X_2)) + (0.35475143790245056 * X_3)) + (0.5906545519828796 * X_4))",
        "history_best_fit": 2.681189137376805e-08,
        "history_best_ind": "(((((((log((cos(-0.3740345537662506)))) + ((1.1337103843688965 / X_0) * (X_3 / -1.7182973623275757))) - 2.187404155731201) + (0.1881936937570572 * X_1)) + (0.23029941320419312 * X_2)) + (0.35475143790245056 * X_3)) + (0.5906545519828796 * X_4))",
        "action_length": 1,
        "actions": "[5]",
        "value_seq": "None",
        "max_length": 40,
        "min_length": 1,
        "mean_length": 10.308270676691729
    },
    "data_gen3": {
        "generation": 3,
        "best_fit": 2.681189137376805e-08,
        "worest_fit": 1.4648525714874268,
        "mean_fit": 0.7610288121292158,
        "best_ind": "(((((((log((cos(-0.3740345537662506)))) + ((1.1337103843688965 / X_0) * (X_3 / -1.7182973623275757))) - 2.187404155731201) + (0.1881936937570572 * X_1)) + (0.23029941320419312 * X_2)) + (0.35475143790245056 * X_3)) + (0.5906545519828796 * X_4))",
        "history_best_fit": 2.681189137376805e-08,
        "history_best_ind": "(((((((log((cos(-0.3740345537662506)))) + ((1.1337103843688965 / X_0) * (X_3 / -1.7182973623275757))) - 2.187404155731201) + (0.1881936937570572 * X_1)) + (0.23029941320419312 * X_2)) + (0.35475143790245056 * X_3)) + (0.5906545519828796 * X_4))",
        "action_length": 5,
        "actions": "[0, 2, 0, 0, 5]",
        "value_seq": "None",
        "max_length": 29,
        "min_length": 1,
        "mean_length": 9.330827067669173
    },
    "data_gen4": {
        "generation": 4,
        "best_fit": 0.0,
        "worest_fit": 3.4028234663852886e+38,
        "mean_fit": 5.628730545900477e+37,
        "best_ind": "(((((0.0 - 2.187404155731201) + (0.1881936937570572 + X_1)) pow (0.23029941320419312 * X_2)) + (0.35475143790245056 * X_3)) + (0.5906545519828796 * X_4))",
        "history_best_fit": 0.0,
        "history_best_ind": "(((((0.0 - 2.187404155731201) + (0.1881936937570572 + X_1)) pow (0.23029941320419312 * X_2)) + (0.35475143790245056 * X_3)) + (0.5906545519828796 * X_4))",
        "action_length": 6,
        "actions": "[2, 1, 1, 4, 4, 5]",
        "value_seq": "None",
        "max_length": 52,
        "min_length": 1,
        "mean_length": 15.082706766917294
    },
    "data_gen5": {
        "generation": 5,
        "best_fit": 7.906395538270772e-09,
        "worest_fit": 3.4028234663852886e+38,
        "mean_fit": 1.8677151356851585e+38,
        "best_ind": "(((((0.0 + 2.187404155731201) - (0.1881936937570572 * X_1)) + (0.23029941320419312 * X_2)) + (0.35475143790245056 * X_0)) + (0.05875217914581299 * X_4))",
        "history_best_fit": 0.0,
        "history_best_ind": "(((((0.0 - 2.187404155731201) + (0.1881936937570572 + X_1)) pow (0.23029941320419312 * X_2)) + (0.35475143790245056 * X_3)) + (0.5906545519828796 * X_4))",
        "action_length": 11,
        "actions": "[3, 2, 1, 1, 1, 0, 3, 1, 1, 1, 5]",
        "value_seq": "None",
        "max_length": 52,
        "min_length": 1,
        "mean_length": 26.909774436090224
    },
    "data_gen6": {
        "generation": 6,
        "best_fit": 7.906395538270772e-09,
        "worest_fit": 3.4028234663852886e+38,
        "mean_fit": 3.326068049850282e+37,
        "best_ind": "(((((0.0 + 2.187404155731201) - (0.1881936937570572 * X_1)) + (0.23029941320419312 * X_2)) + (0.35475143790245056 * X_0)) + (0.05875217914581299 * X_4))",
        "history_best_fit": 0.0,
        "history_best_ind": "(((((0.0 - 2.187404155731201) + (0.1881936937570572 + X_1)) pow (0.23029941320419312 * X_2)) + (0.35475143790245056 * X_3)) + (0.5906545519828796 * X_4))",
        "action_length": 2,
        "actions": "[3, 5]",
        "value_seq": "None",
        "max_length": 52,
        "min_length": 1,
        "mean_length": 18.090225563909776
    },
    "data_gen7": {
        "generation": 7,
        "best_fit": 7.906395538270772e-09,
        "worest_fit": 1.433214783668518,
        "mean_fit": 0.6654032239495028,
        "best_ind": "(((((0.0 + 2.187404155731201) - (0.1881936937570572 * X_1)) + (0.23029941320419312 * X_2)) + (0.35475143790245056 * X_0)) + (0.05875217914581299 * X_4))",
        "history_best_fit": 0.0,
        "history_best_ind": "(((((0.0 - 2.187404155731201) + (0.1881936937570572 + X_1)) pow (0.23029941320419312 * X_2)) + (0.35475143790245056 * X_3)) + (0.5906545519828796 * X_4))",
        "action_length": 3,
        "actions": "[2, 3, 5]",
        "value_seq": "None",
        "max_length": 45,
        "min_length": 1,
        "mean_length": 18.045112781954888
    },
    "data_gen8": {
        "generation": 8,
        "best_fit": 7.906395538270772e-09,
        "worest_fit": 0.8211699724197388,
        "mean_fit": 0.4074740533851369,
        "best_ind": "(((((0.0 + 2.187404155731201) - (0.1881936937570572 * X_1)) + (0.23029941320419312 * X_2)) + (0.35475143790245056 * X_0)) + (0.05875217914581299 * X_4))",
        "history_best_fit": 0.0,
        "history_best_ind": "(((((0.0 - 2.187404155731201) + (0.1881936937570572 + X_1)) pow (0.23029941320419312 * X_2)) + (0.35475143790245056 * X_3)) + (0.5906545519828796 * X_4))",
        "action_length": 2,
        "actions": "[2, 5]",
        "value_seq": "None",
        "max_length": 45,
        "min_length": 1,
        "mean_length": 24.917293233082706
    },
    "data_gen9": {
        "generation": 9,
        "best_fit": 0.0,
        "worest_fit": 3.4028234663852886e+38,
        "mean_fit": 7.419690265050629e+37,
        "best_ind": "(((((-0.16192175447940826 - 2.187404155731201) + (0.1881936937570572 pow X_3)) pow (0.23029941320419312 * X_2)) + (0.35475143790245056 * X_0)) + (0.8331540822982788 * X_4))",
        "history_best_fit": 0.0,
        "history_best_ind": "(((((0.0 - 2.187404155731201) + (0.1881936937570572 + X_1)) pow (0.23029941320419312 * X_2)) + (0.35475143790245056 * X_3)) + (0.5906545519828796 * X_4))",
        "action_length": 4,
        "actions": "[1, 0, 1, 5]",
        "value_seq": "None",
        "max_length": 52,
        "min_length": 1,
        "mean_length": 27.601503759398497
    }
}