{
    "data_gen1": {
        "generation": 1,
        "best_fit": 0.6912505626678467,
        "worest_fit": 3.4028234663852886e+38,
        "mean_fit": 1.5419043832058339e+38,
        "best_ind": "(X_3 - X_0)",
        "history_best_fit": 0.6912505626678467,
        "history_best_ind": "(X_3 - X_0)",
        "max_length": 58,
        "min_length": 1,
        "mean_length": 19.0546875
    },
    "data_gen2": {
        "generation": 2,
        "best_fit": 0.5841537117958069,
        "worest_fit": 3.4028234663852886e+38,
        "mean_fit": 1.7279962915237794e+38,
        "best_ind": "((-0.4262608587741852 + ((X_2 + (X_0 - (X_2 / -1.1387907266616821))) + ((sin((0.3351832628250122 pow 2.3045077323913574))) pow 2.0))) * ((sin((((-0.17534658312797546 - -1.7082867622375488) / X_1) pow 2.0))) + (sin((((X_3 + -0.4508764147758484) / (cos(X_3))) + (-0.3515305519104004 pow (1.02651047706604 * 0.3832145631313324)))))))",
        "history_best_fit": 0.5841537117958069,
        "history_best_ind": "((-0.4262608587741852 + ((X_2 + (X_0 - (X_2 / -1.1387907266616821))) + ((sin((0.3351832628250122 pow 2.3045077323913574))) pow 2.0))) * ((sin((((-0.17534658312797546 - -1.7082867622375488) / X_1) pow 2.0))) + (sin((((X_3 + -0.4508764147758484) / (cos(X_3))) + (-0.3515305519104004 pow (1.02651047706604 * 0.3832145631313324)))))))",
        "max_length": 56,
        "min_length": 1,
        "mean_length": 21.9921875
    },
    "data_gen3": {
        "generation": 3,
        "best_fit": 0.6974726319313049,
        "worest_fit": 3.4028234663852886e+38,
        "mean_fit": 1.8609190831794547e+38,
        "best_ind": "(((log(X_1)) pow X_3) + (exp((0.8995819687843323 - X_1))))",
        "history_best_fit": 0.5841537117958069,
        "history_best_ind": "((-0.4262608587741852 + ((X_2 + (X_0 - (X_2 / -1.1387907266616821))) + ((sin((0.3351832628250122 pow 2.3045077323913574))) pow 2.0))) * ((sin((((-0.17534658312797546 - -1.7082867622375488) / X_1) pow 2.0))) + (sin((((X_3 + -0.4508764147758484) / (cos(X_3))) + (-0.3515305519104004 pow (1.02651047706604 * 0.3832145631313324)))))))",
        "max_length": 56,
        "min_length": 1,
        "mean_length": 24.84375
    },
    "data_gen4": {
        "generation": 4,
        "best_fit": 0.569135844707489,
        "worest_fit": 3.4028234663852886e+38,
        "mean_fit": 2.0735955498285352e+38,
        "best_ind": "(((log(X_2)) pow X_3) + (exp((0.8995819687843323 - X_1))))",
        "history_best_fit": 0.569135844707489,
        "history_best_ind": "(((log(X_2)) pow X_3) + (exp((0.8995819687843323 - X_1))))",
        "max_length": 56,
        "min_length": 1,
        "mean_length": 27.3203125
    },
    "data_gen5": {
        "generation": 5,
        "best_fit": 0.569135844707489,
        "worest_fit": 3.4028234663852886e+38,
        "mean_fit": 7.443676332717819e+37,
        "best_ind": "(((log(X_2)) pow X_3) + (exp((0.8995819687843323 - X_1))))",
        "history_best_fit": 0.569135844707489,
        "history_best_ind": "(((log(X_2)) pow X_3) + (exp((0.8995819687843323 - X_1))))",
        "max_length": 52,
        "min_length": 1,
        "mean_length": 17.625
    },
    "data_gen6": {
        "generation": 6,
        "best_fit": 0.5674065947532654,
        "worest_fit": 3.4028234663852886e+38,
        "mean_fit": 1.0102132165831326e+38,
        "best_ind": "(log((exp(((log((exp(((log(((X_2 pow 1.3338695764541626) pow 2.0))) pow ((exp((sin(-0.5546894669532776)))) pow (((sin(X_1)) pow 2.0) pow (0.02907445840537548 pow (X_3 pow 2.0))))))))) + X_1)))))",
        "history_best_fit": 0.5674065947532654,
        "history_best_ind": "(log((exp(((log((exp(((log(((X_2 pow 1.3338695764541626) pow 2.0))) pow ((exp((sin(-0.5546894669532776)))) pow (((sin(X_1)) pow 2.0) pow (0.02907445840537548 pow (X_3 pow 2.0))))))))) + X_1)))))",
        "max_length": 52,
        "min_length": 1,
        "mean_length": 19.3359375
    },
    "data_gen7": {
        "generation": 7,
        "best_fit": 0.5674065947532654,
        "worest_fit": 1.4642717838287354,
        "mean_fit": 1.0780373634770513,
        "best_ind": "(log((exp(((log((exp(((log(((X_2 pow 1.3338695764541626) pow 2.0))) pow ((exp((sin(-0.5546894669532776)))) pow (((sin(X_1)) pow 2.0) pow (0.02907445840537548 pow (X_3 pow 2.0))))))))) + X_1)))))",
        "history_best_fit": 0.5674065947532654,
        "history_best_ind": "(log((exp(((log((exp(((log(((X_2 pow 1.3338695764541626) pow 2.0))) pow ((exp((sin(-0.5546894669532776)))) pow (((sin(X_1)) pow 2.0) pow (0.02907445840537548 pow (X_3 pow 2.0))))))))) + X_1)))))",
        "max_length": 50,
        "min_length": 1,
        "mean_length": 14.46875
    },
    "data_gen8": {
        "generation": 8,
        "best_fit": 0.5674065947532654,
        "worest_fit": 0.9746812582015991,
        "mean_fit": 0.8522459547966719,
        "best_ind": "(log((exp(((log((exp(((log(((X_2 pow 1.3338695764541626) pow 2.0))) pow ((exp((sin(-0.5546894669532776)))) pow (((sin(X_1)) pow 2.0) pow (0.02907445840537548 pow (X_3 pow 2.0))))))))) + X_1)))))",
        "history_best_fit": 0.5674065947532654,
        "history_best_ind": "(log((exp(((log((exp(((log(((X_2 pow 1.3338695764541626) pow 2.0))) pow ((exp((sin(-0.5546894669532776)))) pow (((sin(X_1)) pow 2.0) pow (0.02907445840537548 pow (X_3 pow 2.0))))))))) + X_1)))))",
        "max_length": 50,
        "min_length": 1,
        "mean_length": 11.125
    },
    "data_gen9": {
        "generation": 9,
        "best_fit": 0.5674065947532654,
        "worest_fit": 0.8653027415275574,
        "mean_fit": 0.7537189163267612,
        "best_ind": "(log((exp(((log((exp(((log(((X_2 pow 1.3338695764541626) pow 2.0))) pow ((exp((sin(-0.5546894669532776)))) pow (((sin(X_1)) pow 2.0) pow (0.02907445840537548 pow (X_3 pow 2.0))))))))) + X_1)))))",
        "history_best_fit": 0.5674065947532654,
        "history_best_ind": "(log((exp(((log((exp(((log(((X_2 pow 1.3338695764541626) pow 2.0))) pow ((exp((sin(-0.5546894669532776)))) pow (((sin(X_1)) pow 2.0) pow (0.02907445840537548 pow (X_3 pow 2.0))))))))) + X_1)))))",
        "max_length": 50,
        "min_length": 1,
        "mean_length": 15.4375
    },
    "data_gen10": {
        "generation": 10,
        "best_fit": 0.5674065947532654,
        "worest_fit": 0.7295506596565247,
        "mean_fit": 0.6953107416629791,
        "best_ind": "(log((exp(((log((exp(((log(((X_2 pow 1.3338695764541626) pow 2.0))) pow ((exp((sin(-0.5546894669532776)))) pow (((sin(X_1)) pow 2.0) pow (0.02907445840537548 pow (X_3 pow 2.0))))))))) + X_1)))))",
        "history_best_fit": 0.5674065947532654,
        "history_best_ind": "(log((exp(((log((exp(((log(((X_2 pow 1.3338695764541626) pow 2.0))) pow ((exp((sin(-0.5546894669532776)))) pow (((sin(X_1)) pow 2.0) pow (0.02907445840537548 pow (X_3 pow 2.0))))))))) + X_1)))))",
        "max_length": 27,
        "min_length": 7,
        "mean_length": 15.125
    },
    "data_gen11": {
        "generation": 11,
        "best_fit": 0.5461642742156982,
        "worest_fit": 3.4028234663852886e+38,
        "mean_fit": 1.4887352665435638e+38,
        "best_ind": "(((((X_2 + -0.4187127649784088) - (log(X_3))) * X_2) + (log((0.44338762760162354 + 2.11676025390625)))) * (((1.2942038774490356 / (-0.9557991623878479 pow 2.0)) * X_0) pow 2.0))",
        "history_best_fit": 0.5461642742156982,
        "history_best_ind": "(((((X_2 + -0.4187127649784088) - (log(X_3))) * X_2) + (log((0.44338762760162354 + 2.11676025390625)))) * (((1.2942038774490356 / (-0.9557991623878479 pow 2.0)) * X_0) pow 2.0))",
        "max_length": 53,
        "min_length": 1,
        "mean_length": 24.6953125
    },
    "data_gen12": {
        "generation": 12,
        "best_fit": 0.5461642742156982,
        "worest_fit": 3.4028234663852886e+38,
        "mean_fit": 1.6482426165303742e+38,
        "best_ind": "(((((X_2 + -0.4187127649784088) - (log(X_3))) * X_2) + (log((0.44338762760162354 + 2.11676025390625)))) * (((1.2942038774490356 / (-0.9557991623878479 pow 2.0)) * X_0) pow 2.0))",