{
    "data_gen1": {
        "generation": 1,
        "best_fit": 1.4435037165583253e-08,
        "worest_fit": 3.4028234663852886e+38,
        "mean_fit": 1.509523191855128e+38,
        "best_ind": "(((((0.0 - 2.187404155731201) + (0.1881936937570572 * X_1)) + (0.23029941320419312 * X_2)) - (0.35475143790245056 * X_3)) + (0.5906545519828796 * X_4))",
        "history_best_fit": 1.4435037165583253e-08,
        "history_best_ind": "(((((0.0 - 2.187404155731201) + (0.1881936937570572 * X_1)) + (0.23029941320419312 * X_2)) - (0.35475143790245056 * X_3)) + (0.5906545519828796 * X_4))",
        "action_length": 6,
        "actions": "[4, 0, 0, 1, 3, 5]",
        "max_length": 54,
        "min_length": 1,
        "mean_length": 21.157894736842106
    },
    "data_gen2": {
        "generation": 2,
        "best_fit": 1.0354057877748346e-07,
        "worest_fit": 3.4028234663852886e+38,
        "mean_fit": 1.9188854133751628e+38,
        "best_ind": "(((((0.0 - 2.187404155731201) * (0.1881936937570572 - X_1)) + (0.23029941320419312 * X_1)) + (0.35475143790245056 - X_3)) + (0.5906545519828796 * X_4))",
        "history_best_fit": 1.4435037165583253e-08,
        "history_best_ind": "(((((0.0 - 2.187404155731201) + (0.1881936937570572 * X_1)) + (0.23029941320419312 * X_2)) - (0.35475143790245056 * X_3)) + (0.5906545519828796 * X_4))",
        "action_length": 10,
        "actions": "[3, 0, 3, 0, 1, 1, 1, 3, 3, 5]",
        "max_length": 54,
        "min_length": 1,
        "mean_length": 26.473684210526315
    },
    "data_gen3": {
        "generation": 3,
        "best_fit": 2.9049951777437855e-08,
        "worest_fit": 1.4920209646224976,
        "mean_fit": 0.8176185667686567,
        "best_ind": "(((((0.0 - 2.187404155731201) + (0.1881936937570572 * X_1)) + (0.23029941320419312 * X_2)) + (0.35475143790245056 * X_3)) + (0.5906545519828796 * X_4))",
        "history_best_fit": 2.9049951777437855e-08,
        "history_best_ind": "(((((0.0 - 2.187404155731201) + (0.1881936937570572 * X_1)) + (0.23029941320419312 * X_2)) + (0.35475143790245056 * X_3)) + (0.5906545519828796 * X_4))",
        "action_length": 10,
        "actions": "[0, 3, 3, 3, 5, 0, 0, 0, 2, 6]",
        "max_length": 36,
        "min_length": 1,
        "mean_length": 10.234375
    },
    "data_gen4": {
        "generation": 4,
        "best_fit": 2.9049951777437855e-08,
        "worest_fit": 1.4768743515014648,
        "mean_fit": 0.683672265783488,
        "best_ind": "(((((0.0 - 2.187404155731201) + (0.1881936937570572 * X_1)) + (0.23029941320419312 * X_2)) + (0.35475143790245056 * X_3)) + (0.5906545519828796 * X_4))",
        "history_best_fit": 2.9049951777437855e-08,
        "history_best_ind": "(((((0.0 - 2.187404155731201) + (0.1881936937570572 * X_1)) + (0.23029941320419312 * X_2)) + (0.35475143790245056 * X_3)) + (0.5906545519828796 * X_4))",
        "action_length": 4,
        "actions": "[3, 5, 0, 6]",
        "max_length": 36,
        "min_length": 1,
        "mean_length": 14.2265625
    }
}