{
    "data_gen1": {
        "generation": 1,
        "best_fit": 2.9049951777437855e-08,
        "worest_fit": 1.4768743515014648,
        "mean_fit": 1.2062924813886067,
        "best_ind": "(((((0.0 - 2.187404155731201) + (0.1881936937570572 * X_1)) + (0.23029941320419312 * X_2)) + (0.35475143790245056 * X_3)) + (0.5906545519828796 * X_4))",
        "history_best_fit": 2.9049951777437855e-08,
        "history_best_ind": "(((((0.0 - 2.187404155731201) + (0.1881936937570572 * X_1)) + (0.23029941320419312 * X_2)) + (0.35475143790245056 * X_3)) + (0.5906545519828796 * X_4))",
        "action_length": 3,
        "actions": "[5, 4, 6]",
        "max_length": 47,
        "min_length": 1,
        "mean_length": 6.796875
    },
    "data_gen2": {
        "generation": 2,
        "best_fit": 2.836034980191471e-07,
        "worest_fit": 3.4028234663852886e+38,
        "mean_fit": 7.7095219160291695e+37,
        "best_ind": "(((((0.0 - ((((X_2 + X_0) - (sin(-0.01950695738196373))) + (cos((2.3715903759002686 + (X_2 - -1.2059991359710693))))) - X_1)) + (0.1881936937570572 * X_1)) + (0.23029941320419312 * X_1)) + (0.35475143790245056 * X_3)) + (0.5906545519828796 * X_4))",
        "history_best_fit": 2.9049951777437855e-08,
        "history_best_ind": "(((((0.0 - 2.187404155731201) + (0.1881936937570572 * X_1)) + (0.23029941320419312 * X_2)) + (0.35475143790245056 * X_3)) + (0.5906545519828796 * X_4))",
        "action_length": 6,
        "actions": "[4, 5, 5, 1, 1, 6]",
        "max_length": 51,
        "min_length": 1,
        "mean_length": 12.921875
    },
    "data_gen3": {
        "generation": 3,
        "best_fit": 2.836034980191471e-07,
        "worest_fit": 1.4768743515014648,
        "mean_fit": 1.0668492529150817,
        "best_ind": "(((((0.0 - ((((X_2 + X_0) - (sin(-0.01950695738196373))) + (cos((2.3715903759002686 + (X_2 - -1.2059991359710693))))) - X_1)) + (0.1881936937570572 * X_1)) + (0.23029941320419312 * X_1)) + (0.35475143790245056 * X_3)) + (0.5906545519828796 * X_4))",
        "history_best_fit": 2.9049951777437855e-08,
        "history_best_ind": "(((((0.0 - 2.187404155731201) + (0.1881936937570572 * X_1)) + (0.23029941320419312 * X_2)) + (0.35475143790245056 * X_3)) + (0.5906545519828796 * X_4))",
        "action_length": 3,
        "actions": "[4, 0, 6]",
        "max_length": 36,
        "min_length": 1,
        "mean_length": 9.0546875
    },
    "data_gen4": {
        "generation": 4,
        "best_fit": 0.6971704363822937,
        "worest_fit": 3.4028234663852886e+38,
        "mean_fit": 2.6584558331135067e+36,
        "best_ind": "((0.6342331767082214 * (X_1 + -1.0527163743972778)) pow ((X_1 * X_2) * X_2))",
        "history_best_fit": 0.6971704363822937,
        "history_best_ind": "((0.6342331767082214 * (X_1 + -1.0527163743972778)) pow ((X_1 * X_2) * X_2))",
        "action_length": 4,
        "actions": "[3, 3, 3, 6]",
        "max_length": 34,
        "min_length": 1,
        "mean_length": 6.328125
    },
    "data_gen5": {
        "generation": 5,
        "best_fit": 2.9049951777437855e-08,
        "worest_fit": 0.9414772987365723,
        "mean_fit": 0.8198558227041525,
        "best_ind": "(((((0.0 - 2.187404155731201) + (0.1881936937570572 * X_1)) + (0.23029941320419312 * X_2)) + (0.35475143790245056 * X_3)) + (0.5906545519828796 * X_4))",
        "history_best_fit": 2.9049951777437855e-08,
        "history_best_ind": "(((((0.0 - 2.187404155731201) + (0.1881936937570572 * X_1)) + (0.23029941320419312 * X_2)) + (0.35475143790245056 * X_3)) + (0.5906545519828796 * X_4))",
        "action_length": 5,
        "actions": "[5, 5, 4, 0, 6]",
        "max_length": 34,
        "min_length": 1,
        "mean_length": 10.7265625
    },
    "data_gen6": {
        "generation": 6,
        "best_fit": 2.9049951777437855e-08,
        "worest_fit": 1.2896645069122314,
        "mean_fit": 0.7613411778349006,
        "best_ind": "(((((0.0 - 2.187404155731201) + (0.1881936937570572 * X_1)) + (0.23029941320419312 * X_2)) + (0.35475143790245056 * X_3)) + (0.5906545519828796 * X_4))",
        "history_best_fit": 2.9049951777437855e-08,
        "history_best_ind": "(((((0.0 - 2.187404155731201) + (0.1881936937570572 * X_1)) + (0.23029941320419312 * X_2)) + (0.35475143790245056 * X_3)) + (0.5906545519828796 * X_4))",
        "action_length": 3,
        "actions": "[2, 4, 6]",
        "max_length": 29,
        "min_length": 1,
        "mean_length": 6.8984375
    },
    "data_gen7": {
        "generation": 7,
        "best_fit": 3.2277724937301855e-09,
        "worest_fit": 3.4028234663852886e+38,
        "mean_fit": 4.785220499604312e+37,
        "best_ind": "(((0.33645346760749817 + (0.23029941320419312 * X_2)) + (0.35475143790245056 * X_3)) + (0.5906545519828796 * X_4))",
        "history_best_fit": 3.2277724937301855e-09,
        "history_best_ind": "(((0.33645346760749817 + (0.23029941320419312 * X_2)) + (0.35475143790245056 * X_3)) + (0.5906545519828796 * X_4))",
        "action_length": 26,
        "actions": "[2, 3, 4, 4, 4, 4, 3, 3, 0, 3, 4, 2, 4, 4, 4, 5, 1, 4, 4, 3, 4, 4, 0, 3, 4, 6]",
        "max_length": 52,
        "min_length": 1,
        "mean_length": 11.4453125
    },
    "data_gen8": {
        "generation": 8,
        "best_fit": 3.2277724937301855e-09,
        "worest_fit": 3.4028234663852886e+38,
        "mean_fit": 2.6584558331135067e+36,
        "best_ind": "(((0.33645346760749817 + (0.23029941320419312 * X_2)) + (0.35475143790245056 * X_3)) + (0.5906545519828796 * X_4))",
        "history_best_fit": 3.2277724937301855e-09,
        "history_best_ind": "(((0.33645346760749817 + (0.23029941320419312 * X_2)) + (0.35475143790245056 * X_3)) + (0.5906545519828796 * X_4))",
        "action_length": 20,
        "actions": "[4, 4, 4, 4, 4, 4, 4, 4, 4, 4, 4, 4, 4, 3, 5, 4, 4, 5, 4, 6]",
        "max_length": 40,
        "min_length": 1,
        "mean_length": 10.8828125
    },
    "data_gen9": {
        "generation": 9,
        "best_fit": 2.9049951777437855e-08,
        "worest_fit": 0.6870472431182861,
        "mean_fit": 0.6604403191942299,
        "best_ind": "(((((0.0 - 2.187404155731201) + (0.1881936937570572 * X_1)) + (0.23029941320419312 * X_2)) + (0.35475143790245056 * X_3)) + (0.5906545519828796 * X_4))",
        "history_best_fit": 2.9049951777437855e-08,
        "history_best_ind": "(((((0.0 - 2.187404155731201) + (0.1881936937570572 * X_1)) + (0.23029941320419312 * X_2)) + (0.35475143790245056 * X_3)) + (0.5906545519828796 * X_4))",
        "action_length": 1,
        "actions": "[6]",
        "max_length": 19,
        "min_length": 7,
        "mean_length": 7.375
    }
}