{
    "data_gen1": {
        "generation": 1,
        "best_fit": 2.9049951777437855e-08,
        "worest_fit": 3.4028234663852886e+38,
        "mean_fit": 5.1170277690004337e+36,
        "best_ind": "(((((0.0 - 2.187404155731201) + (0.1881936937570572 * X_1)) + (0.23029941320419312 * X_2)) + (0.35475143790245056 * X_3)) + (0.5906545519828796 * X_4))",
        "history_best_fit": 2.9049951777437855e-08,
        "history_best_ind": "(((((0.0 - 2.187404155731201) + (0.1881936937570572 * X_1)) + (0.23029941320419312 * X_2)) + (0.35475143790245056 * X_3)) + (0.5906545519828796 * X_4))",
        "action_length": 5,
        "actions": "[3, 3, 0, 3, 5]",
        "value_seq": "None",
        "max_length": 52,
        "min_length": 1,
        "mean_length": 11.368421052631579
    },
    "data_gen2": {
        "generation": 2,
        "best_fit": 7.217518582791627e-09,
        "worest_fit": 3.4028234663852886e+38,
        "mean_fit": 8.698947207300737e+37,
        "best_ind": "(((((1.1895644664764404 - 1.9752188920974731) + (0.1881936937570572 * X_1)) + (0.23029941320419312 * X_2)) + (0.35475143790245056 * X_3)) + (0.5906545519828796 * X_4))",
        "history_best_fit": 7.217518582791627e-09,
        "history_best_ind": "(((((1.1895644664764404 - 1.9752188920974731) + (0.1881936937570572 * X_1)) + (0.23029941320419312 * X_2)) + (0.35475143790245056 * X_3)) + (0.5906545519828796 * X_4))",
        "action_length": 7,
        "actions": "[4, 3, 3, 1, 1, 2, 5]",
        "value_seq": "None",
        "max_length": 53,
        "min_length": 1,
        "mean_length": 17.81954887218045
    },
    "data_gen3": {
        "generation": 3,
        "best_fit": 7.217518582791627e-09,
        "worest_fit": 1.468714952468872,
        "mean_fit": 0.8980839926225934,
        "best_ind": "(((((1.1895644664764404 - 1.9752188920974731) + (0.1881936937570572 * X_1)) + (0.23029941320419312 * X_2)) + (0.35475143790245056 * X_3)) + (0.5906545519828796 * X_4))",
        "history_best_fit": 7.217518582791627e-09,
        "history_best_ind": "(((((1.1895644664764404 - 1.9752188920974731) + (0.1881936937570572 * X_1)) + (0.23029941320419312 * X_2)) + (0.35475143790245056 * X_3)) + (0.5906545519828796 * X_4))",
        "action_length": 3,
        "actions": "[3, 3, 5]",
        "value_seq": "None",
        "max_length": 52,
        "min_length": 1,
        "mean_length": 12.180451127819548
    },
    "data_gen4": {
        "generation": 4,
        "best_fit": 2.3275799065913816e-08,
        "worest_fit": 3.4028234663852886e+38,
        "mean_fit": 8.187244430400694e+37,
        "best_ind": "(((X_1 + (0.23029941320419312 + X_2)) + (0.08043345808982849 * X_3)) + (0.5906545519828796 * X_4))",
        "history_best_fit": 7.217518582791627e-09,
        "history_best_ind": "(((((1.1895644664764404 - 1.9752188920974731) + (0.1881936937570572 * X_1)) + (0.23029941320419312 * X_2)) + (0.35475143790245056 * X_3)) + (0.5906545519828796 * X_4))",
        "action_length": 8,
        "actions": "[3, 0, 4, 1, 4, 1, 3, 5]",
        "value_seq": "None",
        "max_length": 52,
        "min_length": 1,
        "mean_length": 17.93984962406015
    },
    "data_gen5": {
        "generation": 5,
        "best_fit": 2.3275799065913816e-08,
        "worest_fit": 3.4028234663852886e+38,
        "mean_fit": 2.5585138845002169e+36,
        "best_ind": "(((X_1 + (0.23029941320419312 + X_2)) + (0.08043345808982849 * X_3)) + (0.5906545519828796 * X_4))",
        "history_best_fit": 7.217518582791627e-09,
        "history_best_ind": "(((((1.1895644664764404 - 1.9752188920974731) + (0.1881936937570572 * X_1)) + (0.23029941320419312 * X_2)) + (0.35475143790245056 * X_3)) + (0.5906545519828796 * X_4))",
        "action_length": 4,
        "actions": "[3, 0, 3, 5]",
        "value_seq": "None",
        "max_length": 52,
        "min_length": 1,
        "mean_length": 11.789473684210526
    },
    "data_gen6": {
        "generation": 6,
        "best_fit": 2.3275799065913816e-08,
        "worest_fit": 0.941694974899292,
        "mean_fit": 0.66518911931715,
        "best_ind": "(((X_1 + (0.23029941320419312 + X_2)) + (0.08043345808982849 * X_3)) + (0.5906545519828796 * X_4))",
        "history_best_fit": 7.217518582791627e-09,
        "history_best_ind": "(((((1.1895644664764404 - 1.9752188920974731) + (0.1881936937570572 * X_1)) + (0.23029941320419312 * X_2)) + (0.35475143790245056 * X_3)) + (0.5906545519828796 * X_4))",
        "action_length": 1,
        "actions": "[5]",
        "value_seq": "None",
        "max_length": 52,
        "min_length": 1,
        "mean_length": 15.330827067669173
    },
    "data_gen7": {
        "generation": 7,
        "best_fit": 3.2277724937301855e-09,
        "worest_fit": 3.4028234663852886e+38,
        "mean_fit": 1.0745758314900912e+38,
        "best_ind": "(((((0.0 - ((cos((((((log(1.7530215978622437)) pow 2.0) * (sin((X_3 + 1.413934588432312)))) + (-0.04914934188127518 / -0.15216539800167084)) - (exp((cos((cos(((cos(0.44464415311813354)) + (sin((0.6520858407020569 * X_3))))))))))))) pow 2.0)) + (0.1881936937570572 * X_1)) + (0.23029941320419312 * X_2)) + (0.35475143790245056 * X_3)) + (0.5906545519828796 * X_4))",
        "history_best_fit": 3.2277724937301855e-09,
        "history_best_ind": "(((((0.0 - ((cos((((((log(1.7530215978622437)) pow 2.0) * (sin((X_3 + 1.413934588432312)))) + (-0.04914934188127518 / -0.15216539800167084)) - (exp((cos((cos(((cos(0.44464415311813354)) + (sin((0.6520858407020569 * X_3))))))))))))) pow 2.0)) + (0.1881936937570572 * X_1)) + (0.23029941320419312 * X_2)) + (0.35475143790245056 * X_3)) + (0.5906545519828796 * X_4))",
        "action_length": 7,
        "actions": "[4, 3, 1, 0, 1, 0, 5]",
        "value_seq": "None",
        "max_length": 53,
        "min_length": 1,
        "mean_length": 22.293233082706767
    },
    "data_gen8": {
        "generation": 8,
        "best_fit": 0.0,
        "worest_fit": 3.4028234663852886e+38,
        "mean_fit": 1.5351083307001303e+38,
        "best_ind": "(((((0.0 - 2.187404155731201) * (((log((X_3 pow 2.0))) pow 2.0) - X_1)) * (0.23029941320419312 + X_2)) + (0.09757059812545776 * X_3)) + (0.5906545519828796 * X_4))",
        "history_best_fit": 0.0,
        "history_best_ind": "(((((0.0 - 2.187404155731201) * (((log((X_3 pow 2.0))) pow 2.0) - X_1)) * (0.23029941320419312 + X_2)) + (0.09757059812545776 * X_3)) + (0.5906545519828796 * X_4))",
        "action_length": 10,
        "actions": "[3, 1, 1, 0, 0, 3, 1, 0, 3, 5]",
        "value_seq": "None",
        "max_length": 52,
        "min_length": 1,
        "mean_length": 27.105263157894736
    },
    "data_gen9": {
        "generation": 9,
        "best_fit": 0.0,
        "worest_fit": 1.4667505025863647,
        "mean_fit": 0.8117620139700181,
        "best_ind": "(((((0.0 - 2.187404155731201) * (((log((X_3 pow 2.0))) pow 2.0) - X_1)) * (0.23029941320419312 + X_2)) + (0.09757059812545776 * X_3)) + (0.5906545519828796 * X_4))",
        "history_best_fit": 0.0,
        "history_best_ind": "(((((0.0 - 2.187404155731201) * (((log((X_3 pow 2.0))) pow 2.0) - X_1)) * (0.23029941320419312 + X_2)) + (0.09757059812545776 * X_3)) + (0.5906545519828796 * X_4))",
        "action_length": 1,
        "actions": "[5]",
        "value_seq": "None",
        "max_length": 52,
        "min_length": 1,
        "mean_length": 20.857142857142858
    },
    "data_gen10": {
        "generation": 10,
        "best_fit": 0.0,
        "worest_fit": 3.4028234663852886e+38,
        "mean_fit": 2.558513884500217e+37,
        "best_ind": "(((((0.0 - 2.187404155731201) * (((log((X_3 pow 2.0))) pow 2.0) - X_1)) * (0.23029941320419312 + X_2)) + (0.09757059812545776 * X_3)) + (0.5906545519828796 * X_4))",
        "history_best_fit": 0.0,
        "history_best_ind": "(((((0.0 - 2.187404155731201) * (((log((X_3 pow 2.0))) pow 2.0) - X_1)) * (0.23029941320419312 + X_2)) + (0.09757059812545776 * X_3)) + (0.5906545519828796 * X_4))",
        "action_length": 2,
        "actions": "[1, 5]",