{
    "data_gen1": {
        "generation": 1,
        "best_fit": 4.3255124637653353e-07,
        "worest_fit": 3.4028234663852886e+38,
        "mean_fit": 1.7142043026151454e+38,
        "best_ind": "((((((((((((((3.085239887237549 + ((0.0 - 0.0029873771127313375) * X_0)) + (0.15228287875652313 * X_1)) + (0.00549935782328248 * X_2)) + (0.09354328364133835 * X_3)) + ((0.0 - 0.02182615175843239) * X_13)) + ((0.0 - 0.12289001047611237) * X_5)) + ((0.0 - 0.14735659956932068) * X_6)) + ((0.0 - 0.0653696283698082) * X_7)) + ((0.0 - 0.2922912538051605) * X_8)) + (0.4250427484512329 * X_9)) + (0.09763389080762863 * X_10)) + ((0.0 - 0.006589238997548819) * X_11)) + (0.9854551553726196 * X_12)) + (0.2613202929496765 * X_13))",
        "history_best_fit": 4.3255124637653353e-07,
        "history_best_ind": "((((((((((((((3.085239887237549 + ((0.0 - 0.0029873771127313375) * X_0)) + (0.15228287875652313 * X_1)) + (0.00549935782328248 * X_2)) + (0.09354328364133835 * X_3)) + ((0.0 - 0.02182615175843239) * X_13)) + ((0.0 - 0.12289001047611237) * X_5)) + ((0.0 - 0.14735659956932068) * X_6)) + ((0.0 - 0.0653696283698082) * X_7)) + ((0.0 - 0.2922912538051605) * X_8)) + (0.4250427484512329 * X_9)) + (0.09763389080762863 * X_10)) + ((0.0 - 0.006589238997548819) * X_11)) + (0.9854551553726196 * X_12)) + (0.2613202929496765 * X_13))",
        "action_length": 17,
        "actions": "[4, 4, 0, 4, 0, 4, 0, 0, 3, 3, 2, 1, 4, 0, 4, 3, 5]",
        "value_seq": "None",
        "max_length": 71,
        "min_length": 1,
        "mean_length": 20.082706766917294
    },
    "data_gen2": {
        "generation": 2,
        "best_fit": 6.912876493458953e-09,
        "worest_fit": 3.4028234663852886e+38,
        "mean_fit": 1.9188854133751628e+38,
        "best_ind": "(X_7 + X_5)",
        "history_best_fit": 6.912876493458953e-09,
        "history_best_ind": "(X_7 + X_5)",
        "action_length": 15,
        "actions": "[2, 4, 1, 0, 4, 4, 3, 0, 2, 2, 2, 3, 4, 3, 5]",
        "value_seq": "None",
        "max_length": 71,
        "min_length": 1,
        "mean_length": 22.60902255639098
    },
    "data_gen3": {
        "generation": 3,
        "best_fit": 6.164984824863495e-07,
        "worest_fit": 3.4028234663852886e+38,
        "mean_fit": 2.0212259687551713e+38,
        "best_ind": "((((((((((((((3.085239887237549 + ((0.0 - 0.0029873771127313375) * X_0)) + (0.15228287875652313 * X_1)) + (0.00549935782328248 * X_2)) + (-0.22548198699951172 * X_3)) * ((0.0 - 0.02182615175843239) * X_4)) + ((0.0 - 0.12289001047611237) * X_5)) + ((0.0 - 0.14735659956932068) * X_6)) + ((0.0 - 0.0653696283698082) * X_7)) + ((0.0 - 0.2922912538051605) * X_8)) + (0.4250427484512329 * X_9)) + (0.09763389080762863 * X_10)) + ((0.0 - 0.006589238997548819) * X_11)) + (0.9854551553726196 * X_12)) + (0.2613202929496765 * X_13))",
        "history_best_fit": 6.912876493458953e-09,
        "history_best_ind": "(X_7 + X_5)",
        "action_length": 8,
        "actions": "[4, 1, 0, 1, 4, 2, 0, 5]",
        "value_seq": "None",
        "max_length": 71,
        "min_length": 1,
        "mean_length": 25.39097744360902
    },
    "data_gen4": {
        "generation": 4,
        "best_fit": 6.164984824863495e-07,
        "worest_fit": 3.4028234663852886e+38,
        "mean_fit": 6.396284711250543e+37,
        "best_ind": "((((((((((((((3.085239887237549 + ((0.0 - 0.0029873771127313375) * X_0)) + (0.15228287875652313 * X_1)) + (0.00549935782328248 * X_2)) + (-0.22548198699951172 * X_3)) * ((0.0 - 0.02182615175843239) * X_4)) + ((0.0 - 0.12289001047611237) * X_5)) + ((0.0 - 0.14735659956932068) * X_6)) + ((0.0 - 0.0653696283698082) * X_7)) + ((0.0 - 0.2922912538051605) * X_8)) + (0.4250427484512329 * X_9)) + (0.09763389080762863 * X_10)) + ((0.0 - 0.006589238997548819) * X_11)) + (0.9854551553726196 * X_12)) + (0.2613202929496765 * X_13))",
        "history_best_fit": 6.912876493458953e-09,
        "history_best_ind": "(X_7 + X_5)",
        "action_length": 2,
        "actions": "[4, 5]",
        "value_seq": "None",
        "max_length": 71,
        "min_length": 1,
        "mean_length": 17.31578947368421
    },
    "data_gen5": {
        "generation": 5,
        "best_fit": 6.164984824863495e-07,
        "worest_fit": 4.851316928863525,
        "mean_fit": 3.238198103184519,
        "best_ind": "((((((((((((((3.085239887237549 + ((0.0 - 0.0029873771127313375) * X_0)) + (0.15228287875652313 * X_1)) + (0.00549935782328248 * X_2)) + (-0.22548198699951172 * X_3)) * ((0.0 - 0.02182615175843239) * X_4)) + ((0.0 - 0.12289001047611237) * X_5)) + ((0.0 - 0.14735659956932068) * X_6)) + ((0.0 - 0.0653696283698082) * X_7)) + ((0.0 - 0.2922912538051605) * X_8)) + (0.4250427484512329 * X_9)) + (0.09763389080762863 * X_10)) + ((0.0 - 0.006589238997548819) * X_11)) + (0.9854551553726196 * X_12)) + (0.2613202929496765 * X_13))",
        "history_best_fit": 6.912876493458953e-09,
        "history_best_ind": "(X_7 + X_5)",
        "action_length": 5,
        "actions": "[0, 2, 3, 2, 5]",
        "value_seq": "None",
        "max_length": 71,
        "min_length": 1,
        "mean_length": 19.601503759398497
    },
    "data_gen6": {
        "generation": 6,
        "best_fit": 4.781434199685464e-07,
        "worest_fit": 3.4028234663852886e+38,
        "mean_fit": 5.628730545900477e+37,
        "best_ind": "((((((((((((((4.088550090789795 + ((0.0 - 0.0029873771127313375) * X_0)) + (0.15228287875652313 * X_1)) + (0.00549935782328248 * X_2)) + (0.09354328364133835 * X_3)) + ((0.0 - 0.02182615175843239) * X_4)) + ((0.0 - 0.12289001047611237) * X_5)) + -2.9281721115112305) + ((0.0 - 0.0653696283698082) / X_7)) + ((0.0 - 0.2922912538051605) * X_8)) + (0.4250427484512329 * X_9)) + (0.09763389080762863 * X_10)) + ((0.0 - 0.006589238997548819) * X_11)) + (0.9854551553726196 * X_12)) + (0.2613202929496765 * X_9))",
        "history_best_fit": 6.912876493458953e-09,
        "history_best_ind": "(X_7 + X_5)",
        "action_length": 16,
        "actions": "[0, 2, 0, 2, 2, 0, 3, 2, 2, 4, 0, 1, 3, 2, 3, 5]",
        "value_seq": "None",
        "max_length": 71,
        "min_length": 1,
        "mean_length": 22.31578947368421
    },
    "data_gen7": {
        "generation": 7,
        "best_fit": 4.781434199685464e-07,
        "worest_fit": 4.678300380706787,
        "mean_fit": 2.1369726426532054,
        "best_ind": "((((((((((((((4.088550090789795 + ((0.0 - 0.0029873771127313375) * X_0)) + (0.15228287875652313 * X_1)) + (0.00549935782328248 * X_2)) + (0.09354328364133835 * X_3)) + ((0.0 - 0.02182615175843239) * X_4)) + ((0.0 - 0.12289001047611237) * X_5)) + -2.9281721115112305) + ((0.0 - 0.0653696283698082) / X_7)) + ((0.0 - 0.2922912538051605) * X_8)) + (0.4250427484512329 * X_9)) + (0.09763389080762863 * X_10)) + ((0.0 - 0.006589238997548819) * X_11)) + (0.9854551553726196 * X_12)) + (0.2613202929496765 * X_9))",
        "history_best_fit": 6.912876493458953e-09,
        "history_best_ind": "(X_7 + X_5)",
        "action_length": 1,
        "actions": "[5]",
        "value_seq": "None",
        "max_length": 71,
        "min_length": 1,
        "mean_length": 24.586466165413533
    },
    "data_gen8": {
        "generation": 8,
        "best_fit": 7.524182876750274e-08,
        "worest_fit": 3.4028234663852886e+38,
        "mean_fit": 9.722352761100825e+37,
        "best_ind": "(((((((((((X_10 + (-0.22548198699951172 * X_3)) * (X_14 * X_4)) + ((0.0 - 0.12289001047611237) * X_5)) + ((0.0 - 0.14735659956932068) * X_6)) + ((0.0 - 0.0653696283698082) * X_7)) + ((0.0 - 0.2922912538051605) * X_8)) + (0.4250427484512329 * X_9)) + (0.09763389080762863 * X_10)) + ((0.0 - 0.006589238997548819) * X_0)) + (0.9854551553726196 * X_12)) + (0.2613202929496765 * X_13))",
        "history_best_fit": 6.912876493458953e-09,
        "history_best_ind": "(X_7 + X_5)",
        "action_length": 9,
        "actions": "[2, 0, 4, 1, 4, 2, 3, 1, 5]",
        "value_seq": "None",
        "max_length": 71,
        "min_length": 1,