{
    "data_gen1": {
        "generation": 1,
        "best_fit": 0.6536017656326294,
        "worest_fit": 1.4768743515014648,
        "mean_fit": 1.1583620235323906,
        "best_ind": "(((((sin((X_3 - ((cos(0.4536302089691162)) - X_1)))) pow 2.0) + (exp(((sin(-0.31867265701293945)) * (cos(((cos(1.0038543939590454)) - (sin(1.0659955739974976))))))))) pow 2.0) * (exp((cos((exp((log(0.1635802686214447)))))))))",
        "history_best_fit": 0.6536017656326294,
        "history_best_ind": "(((((sin((X_3 - ((cos(0.4536302089691162)) - X_1)))) pow 2.0) + (exp(((sin(-0.31867265701293945)) * (cos(((cos(1.0038543939590454)) - (sin(1.0659955739974976))))))))) pow 2.0) * (exp((cos((exp((log(0.1635802686214447)))))))))",
        "max_length": 48,
        "min_length": 1,
        "mean_length": 8.421875
    },
    "data_gen2": {
        "generation": 2,
        "best_fit": 0.6536017656326294,
        "worest_fit": 1.0401157140731812,
        "mean_fit": 0.9059825278818607,
        "best_ind": "(((((sin((X_3 - ((cos(0.4536302089691162)) - X_1)))) pow 2.0) + (exp(((sin(-0.31867265701293945)) * (cos(((cos(1.0038543939590454)) - (sin(1.0659955739974976))))))))) pow 2.0) * (exp((cos((exp((log(0.1635802686214447)))))))))",
        "history_best_fit": 0.6536017656326294,
        "history_best_ind": "(((((sin((X_3 - ((cos(0.4536302089691162)) - X_1)))) pow 2.0) + (exp(((sin(-0.31867265701293945)) * (cos(((cos(1.0038543939590454)) - (sin(1.0659955739974976))))))))) pow 2.0) * (exp((cos((exp((log(0.1635802686214447)))))))))",
        "max_length": 41,
        "min_length": 1,
        "mean_length": 7.875
    },
    "data_gen3": {
        "generation": 3,
        "best_fit": 0.6213065385818481,
        "worest_fit": 3.4028234663852886e+38,
        "mean_fit": 1.2760587998944832e+38,
        "best_ind": "((-1.227400541305542 - (exp(X_1))) + (((cos(1.916121244430542)) pow (0.6694548726081848 - X_0)) + ((((((exp((cos(1.615450143814087)))) * ((exp(1.0596919059753418)) pow 2.0)) pow 2.0) + -0.7591295838356018) * X_2) - (exp((-1.2870495319366455 - X_3))))))",
        "history_best_fit": 0.6213065385818481,
        "history_best_ind": "((-1.227400541305542 - (exp(X_1))) + (((cos(1.916121244430542)) pow (0.6694548726081848 - X_0)) + ((((((exp((cos(1.615450143814087)))) * ((exp(1.0596919059753418)) pow 2.0)) pow 2.0) + -0.7591295838356018) * X_2) - (exp((-1.2870495319366455 - X_3))))))",
        "max_length": 58,
        "min_length": 1,
        "mean_length": 18.1875
    },
    "data_gen4": {
        "generation": 4,
        "best_fit": 0.5592756867408752,
        "worest_fit": 3.4028234663852886e+38,
        "mean_fit": 1.3823970332190235e+38,
        "best_ind": "((cos(((cos((-0.17085835337638855 pow 0.35946038365364075))) * (log(X_3))))) / ((((-0.1371743381023407 + X_2) * 0.26734673976898193) - ((sin((0.1702573448419571 * -1.2569358348846436))) - (sin((0.03074789047241211 * -0.6087936162948608))))) pow X_1))",
        "history_best_fit": 0.5592756867408752,
        "history_best_ind": "((cos(((cos((-0.17085835337638855 pow 0.35946038365364075))) * (log(X_3))))) / ((((-0.1371743381023407 + X_2) * 0.26734673976898193) - ((sin((0.1702573448419571 * -1.2569358348846436))) - (sin((0.03074789047241211 * -0.6087936162948608))))) pow X_1))",
        "max_length": 58,
        "min_length": 1,
        "mean_length": 21.1484375
    },
    "data_gen5": {
        "generation": 5,
        "best_fit": 0.5592756867408752,
        "worest_fit": 1.4677047729492188,
        "mean_fit": 0.971591379493475,
        "best_ind": "((cos(((cos((-0.17085835337638855 pow 0.35946038365364075))) * (log(X_3))))) / ((((-0.1371743381023407 + X_2) * 0.26734673976898193) - ((sin((0.1702573448419571 * -1.2569358348846436))) - (sin((0.03074789047241211 * -0.6087936162948608))))) pow X_1))",
        "history_best_fit": 0.5592756867408752,
        "history_best_ind": "((cos(((cos((-0.17085835337638855 pow 0.35946038365364075))) * (log(X_3))))) / ((((-0.1371743381023407 + X_2) * 0.26734673976898193) - ((sin((0.1702573448419571 * -1.2569358348846436))) - (sin((0.03074789047241211 * -0.6087936162948608))))) pow X_1))",
        "max_length": 50,
        "min_length": 1,
        "mean_length": 12.7421875
    },
    "data_gen6": {
        "generation": 6,
        "best_fit": 0.5592756867408752,
        "worest_fit": 3.4028234663852886e+38,
        "mean_fit": 7.97536749934052e+36,
        "best_ind": "((cos(((cos((-0.17085835337638855 pow 0.35946038365364075))) * (log(X_3))))) / ((((-0.1371743381023407 + X_2) * 0.26734673976898193) - ((sin((0.1702573448419571 * -1.2569358348846436))) - (sin((0.03074789047241211 * -0.6087936162948608))))) pow X_1))",
        "history_best_fit": 0.5592756867408752,
        "history_best_ind": "((cos(((cos((-0.17085835337638855 pow 0.35946038365364075))) * (log(X_3))))) / ((((-0.1371743381023407 + X_2) * 0.26734673976898193) - ((sin((0.1702573448419571 * -1.2569358348846436))) - (sin((0.03074789047241211 * -0.6087936162948608))))) pow X_1))",
        "max_length": 51,
        "min_length": 1,
        "mean_length": 13.7109375
    },
    "data_gen7": {
        "generation": 7,
        "best_fit": 0.5592756867408752,
        "worest_fit": 1.4667590856552124,
        "mean_fit": 0.7364057302474976,
        "best_ind": "((cos(((cos((-0.17085835337638855 pow 0.35946038365364075))) * (log(X_3))))) / ((((-0.1371743381023407 + X_2) * 0.26734673976898193) - ((sin((0.1702573448419571 * -1.2569358348846436))) - (sin((0.03074789047241211 * -0.6087936162948608))))) pow X_1))",
        "history_best_fit": 0.5592756867408752,
        "history_best_ind": "((cos(((cos((-0.17085835337638855 pow 0.35946038365364075))) * (log(X_3))))) / ((((-0.1371743381023407 + X_2) * 0.26734673976898193) - ((sin((0.1702573448419571 * -1.2569358348846436))) - (sin((0.03074789047241211 * -0.6087936162948608))))) pow X_1))",
        "max_length": 34,
        "min_length": 1,
        "mean_length": 14.109375
    },
    "data_gen8": {
        "generation": 8,
        "best_fit": 0.5592756867408752,
        "worest_fit": 3.4028234663852886e+38,
        "mean_fit": 2.6584558331135067e+36,
        "best_ind": "((cos(((cos((-0.17085835337638855 pow 0.35946038365364075))) * (log(X_3))))) / ((((-0.1371743381023407 + X_2) * 0.26734673976898193) - ((sin((0.1702573448419571 * -1.2569358348846436))) - (sin((0.03074789047241211 * -0.6087936162948608))))) pow X_1))",
        "history_best_fit": 0.5592756867408752,
        "history_best_ind": "((cos(((cos((-0.17085835337638855 pow 0.35946038365364075))) * (log(X_3))))) / ((((-0.1371743381023407 + X_2) * 0.26734673976898193) - ((sin((0.1702573448419571 * -1.2569358348846436))) - (sin((0.03074789047241211 * -0.6087936162948608))))) pow X_1))",
        "max_length": 44,
        "min_length": 1,
        "mean_length": 20.5
    },
    "data_gen9": {
        "generation": 9,
        "best_fit": 0.5519621968269348,
        "worest_fit": 3.4028234663852886e+38,
        "mean_fit": 2.1533492248219404e+38,
        "best_ind": "((cos(((cos((-0.17085835337638855 pow 0.35946038365364075))) * (log(X_3))))) / ((((-0.1371743381023407 + X_0) pow 0.26734673976898193) - ((sin((0.1702573448419571 * -1.2569358348846436))) - (sin((0.03074789047241211 * -0.12124115228652954))))) pow X_2))",
        "history_best_fit": 0.5519621968269348,
        "history_best_ind": "((cos(((cos((-0.17085835337638855 pow 0.35946038365364075))) * (log(X_3))))) / ((((-0.1371743381023407 + X_0) pow 0.26734673976898193) - ((sin((0.1702573448419571 * -1.2569358348846436))) - (sin((0.03074789047241211 * -0.12124115228652954))))) pow X_2))",
        "max_length": 55,
        "min_length": 1,
        "mean_length": 32.7265625
    }
}