{
    "data_gen1": {
        "generation": 1,
        "best_fit": 2.300417184829712,
        "worest_fit": 3.4028234663852886e+38,
        "mean_fit": 7.97536749934052e+36,
        "best_ind": "(X_4 * ((sin(-0.6171087026596069)) * ((cos((cos((sin(X_4)))))) pow 2.0)))",
        "history_best_fit": 2.300417184829712,
        "history_best_ind": "(X_4 * ((sin(-0.6171087026596069)) * ((cos((cos((sin(X_4)))))) pow 2.0)))",
        "action_length": 5,
        "actions": "[0, 3, 0, 3, 5]",
        "max_length": 38,
        "min_length": 1,
        "mean_length": 5.7265625
    },
    "data_gen2": {
        "generation": 2,
        "best_fit": 2.206928014755249,
        "worest_fit": 3.4028234663852886e+38,
        "mean_fit": 2.0735955498285352e+38,
        "best_ind": "X_8",
        "history_best_fit": 2.206928014755249,
        "history_best_ind": "X_8",
        "action_length": 3,
        "actions": "[1, 3, 5]",
        "max_length": 53,
        "min_length": 1,
        "mean_length": 21.6953125
    },
    "data_gen3": {
        "generation": 3,
        "best_fit": 2.30041766166687,
        "worest_fit": 3.1577467918395996,
        "mean_fit": 2.677050445228815,
        "best_ind": "X_4",
        "history_best_fit": 2.30041766166687,
        "history_best_ind": "X_4",
        "action_length": 2,
        "actions": "[2, 5]",
        "max_length": 30,
        "min_length": 1,
        "mean_length": 7.03125
    },
    "data_gen4": {
        "generation": 4,
        "best_fit": 2.30041766166687,
        "worest_fit": 2.588991403579712,
        "mean_fit": 2.430952712893486,
        "best_ind": "X_4",
        "history_best_fit": 2.30041766166687,
        "history_best_ind": "X_4",
        "action_length": 1,
        "actions": "[5]",
        "max_length": 30,
        "min_length": 1,
        "mean_length": 6.9375
    },
    "data_gen5": {
        "generation": 5,
        "best_fit": 2.30041766166687,
        "worest_fit": 2.4589037895202637,
        "mean_fit": 2.36975534260273,
        "best_ind": "X_4",
        "history_best_fit": 2.30041766166687,
        "history_best_ind": "X_4",
        "action_length": 1,
        "actions": "[5]",
        "max_length": 6,
        "min_length": 1,
        "mean_length": 1.8671875
    },
    "data_gen6": {
        "generation": 6,
        "best_fit": 2.30041766166687,
        "worest_fit": 2.30041766166687,
        "mean_fit": 2.30041766166687,
        "best_ind": "X_4",
        "history_best_fit": 2.30041766166687,
        "history_best_ind": "X_4",
        "action_length": 1,
        "actions": "[5]",
        "max_length": 3,
        "min_length": 1,
        "mean_length": 1.21875
    },
    "data_gen7": {
        "generation": 7,
        "best_fit": 2.30041766166687,
        "worest_fit": 2.30041766166687,
        "mean_fit": 2.30041766166687,
        "best_ind": "X_4",
        "history_best_fit": 2.30041766166687,
        "history_best_ind": "X_4",
        "action_length": 1,
        "actions": "[5]",
        "max_length": 3,
        "min_length": 1,
        "mean_length": 1.21875
    },
    "data_gen8": {
        "generation": 8,
        "best_fit": 2.30041766166687,
        "worest_fit": 2.30041766166687,
        "mean_fit": 2.30041766166687,
        "best_ind": "X_4",
        "history_best_fit": 2.30041766166687,
        "history_best_ind": "X_4",
        "action_length": 1,
        "actions": "[5]",
        "max_length": 3,
        "min_length": 1,
        "mean_length": 1.21875
    },
    "data_gen9": {
        "generation": 9,
        "best_fit": 2.30041766166687,
        "worest_fit": 2.30041766166687,
        "mean_fit": 2.30041766166687,
        "best_ind": "X_4",
        "history_best_fit": 2.30041766166687,
        "history_best_ind": "X_4",
        "action_length": 1,
        "actions": "[5]",
        "max_length": 3,
        "min_length": 1,
        "mean_length": 1.21875
    },
    "data_gen10": {
        "generation": 10,
        "best_fit": 2.30041766166687,
        "worest_fit": 2.30041766166687,
        "mean_fit": 2.30041766166687,
        "best_ind": "X_4",
        "history_best_fit": 2.30041766166687,
        "history_best_ind": "X_4",
        "action_length": 1,
        "actions": "[5]",
        "max_length": 3,
        "min_length": 1,
        "mean_length": 1.21875
    },
    "data_gen11": {
        "generation": 11,
        "best_fit": 2.30041766166687,
        "worest_fit": 2.30041766166687,
        "mean_fit": 2.30041766166687,
        "best_ind": "X_4",
        "history_best_fit": 2.30041766166687,
        "history_best_ind": "X_4",
        "action_length": 2,
        "actions": "[0, 5]",
        "max_length": 3,
        "min_length": 1,
        "mean_length": 1.21875
    },
    "data_gen12": {
        "generation": 12,
        "best_fit": 2.30041766166687,
        "worest_fit": 2.30041766166687,
        "mean_fit": 2.30041766166687,
        "best_ind": "X_4",
        "history_best_fit": 2.30041766166687,
        "history_best_ind": "X_4",
        "action_length": 3,
        "actions": "[0, 0, 5]",
        "max_length": 3,
        "min_length": 1,
        "mean_length": 1.21875
    },
    "data_gen13": {
        "generation": 13,
        "best_fit": 2.30041766166687,
        "worest_fit": 2.30041766166687,
        "mean_fit": 2.30041766166687,
        "best_ind": "X_4",
        "history_best_fit": 2.30041766166687,
        "history_best_ind": "X_4",
        "action_length": 4,
        "actions": "[4, 3, 4, 5]",
        "max_length": 3,
        "min_length": 1,
        "mean_length": 1.21875
    }
}