{
    "data_gen1": {
        "generation": 1,
        "best_fit": 0.5593997240066528,
        "worest_fit": 1.4768743515014648,
        "mean_fit": 1.2085492042824626,
        "best_ind": "(-1.8949087858200073 * (((X_2 + 0.8026707172393799) pow 2.0) / (((X_3 pow 2.0) * 0.4697767496109009) - X_1)))",
        "history_best_fit": 0.5593997240066528,
        "history_best_ind": "(-1.8949087858200073 * (((X_2 + 0.8026707172393799) pow 2.0) / (((X_3 pow 2.0) * 0.4697767496109009) - X_1)))",
        "action_length": 3,
        "actions": "[2, 2, 6]",
        "max_length": 53,
        "min_length": 1,
        "mean_length": 10.703125
    },
    "data_gen2": {
        "generation": 2,
        "best_fit": 2.9049951777437855e-08,
        "worest_fit": 1.4732816219329834,
        "mean_fit": 0.9381958222830457,
        "best_ind": "(((((0.0 - 2.187404155731201) + (0.1881936937570572 * X_1)) + (0.23029941320419312 * X_2)) + (0.35475143790245056 * X_3)) + (0.5906545519828796 * X_4))",
        "history_best_fit": 2.9049951777437855e-08,
        "history_best_ind": "(((((0.0 - 2.187404155731201) + (0.1881936937570572 * X_1)) + (0.23029941320419312 * X_2)) + (0.35475143790245056 * X_3)) + (0.5906545519828796 * X_4))",
        "action_length": 9,
        "actions": "[2, 3, 0, 3, 5, 0, 5, 3, 6]",
        "max_length": 37,
        "min_length": 1,
        "mean_length": 8.4921875
    },
    "data_gen3": {
        "generation": 3,
        "best_fit": 2.9049951777437855e-08,
        "worest_fit": 1.4920209646224976,
        "mean_fit": 0.8176185667686567,
        "best_ind": "(((((0.0 - 2.187404155731201) + (0.1881936937570572 * X_1)) + (0.23029941320419312 * X_2)) + (0.35475143790245056 * X_3)) + (0.5906545519828796 * X_4))",
        "history_best_fit": 2.9049951777437855e-08,
        "history_best_ind": "(((((0.0 - 2.187404155731201) + (0.1881936937570572 * X_1)) + (0.23029941320419312 * X_2)) + (0.35475143790245056 * X_3)) + (0.5906545519828796 * X_4))",
        "action_length": 10,
        "actions": "[0, 3, 3, 3, 5, 0, 0, 0, 2, 6]",
        "max_length": 36,
        "min_length": 1,
        "mean_length": 10.234375
    },
    "data_gen4": {
        "generation": 4,
        "best_fit": 2.9049951777437855e-08,
        "worest_fit": 1.4768743515014648,
        "mean_fit": 0.683672265783488,
        "best_ind": "(((((0.0 - 2.187404155731201) + (0.1881936937570572 * X_1)) + (0.23029941320419312 * X_2)) + (0.35475143790245056 * X_3)) + (0.5906545519828796 * X_4))",
        "history_best_fit": 2.9049951777437855e-08,
        "history_best_ind": "(((((0.0 - 2.187404155731201) + (0.1881936937570572 * X_1)) + (0.23029941320419312 * X_2)) + (0.35475143790245056 * X_3)) + (0.5906545519828796 * X_4))",
        "action_length": 4,
        "actions": "[3, 5, 0, 6]",
        "max_length": 36,
        "min_length": 1,
        "mean_length": 14.2265625
    }
}