{
    "data_gen1": {
        "generation": 1,
        "best_fit": 0.796272873878479,
        "worest_fit": 3.4028234663852886e+38,
        "mean_fit": 2.339441133139886e+38,
        "best_ind": "(0.013058939017355442 + (-0.5748076438903809 * X_2))",
        "history_best_fit": 0.796272873878479,
        "history_best_ind": "(0.013058939017355442 + (-0.5748076438903809 * X_2))",
        "action_length": 20,
        "actions": "[1, 2, 1, 2, 0, 1, 0, 0, 0, 0, 0, 1, 0, 0, 2, 1, 2, 2, 3, 4]",
        "max_length": 58,
        "min_length": 1,
        "mean_length": 28.1796875
    },
    "data_gen2": {
        "generation": 2,
        "best_fit": 0.7110944390296936,
        "worest_fit": 3.4028234663852886e+38,
        "mean_fit": 1.169720566569943e+38,
        "best_ind": "(log(((2.0 pow 2.0) + (exp((X_2 - (log(X_1))))))))",
        "history_best_fit": 0.7110944390296936,
        "history_best_ind": "(log(((2.0 pow 2.0) + (exp((X_2 - (log(X_1))))))))",
        "action_length": 11,
        "actions": "[3, 0, 2, 2, 3, 0, 2, 2, 3, 2, 4]",
        "max_length": 52,
        "min_length": 1,
        "mean_length": 18.703125
    },
    "data_gen3": {
        "generation": 3,
        "best_fit": 0.7110944390296936,
        "worest_fit": 3.4028234663852886e+38,
        "mean_fit": 2.6584558331135067e+36,
        "best_ind": "(log(((2.0 pow 2.0) + (exp((X_2 - (log(X_1))))))))",
        "history_best_fit": 0.7110944390296936,
        "history_best_ind": "(log(((2.0 pow 2.0) + (exp((X_2 - (log(X_1))))))))",
        "action_length": 4,
        "actions": "[2, 0, 0, 4]",
        "max_length": 43,
        "min_length": 1,
        "mean_length": 14.1875
    },
    "data_gen4": {
        "generation": 4,
        "best_fit": 0.6848490834236145,
        "worest_fit": 3.4028234663852886e+38,
        "mean_fit": 1.967257316503995e+38,
        "best_ind": "((((sin(-0.18036818504333496)) pow 1.4463813304901123) * ((cos(-1.3245902061462402)) pow 2.0)) pow ((log((X_3 * (log(X_0))))) pow 2.0))",
        "history_best_fit": 0.6848490834236145,
        "history_best_ind": "((((sin(-0.18036818504333496)) pow 1.4463813304901123) * ((cos(-1.3245902061462402)) pow 2.0)) pow ((log((X_3 * (log(X_0))))) pow 2.0))",
        "action_length": 21,
        "actions": "[1, 3, 1, 2, 0, 2, 0, 3, 0, 3, 3, 3, 1, 1, 1, 1, 3, 0, 2, 3, 4]",
        "max_length": 54,
        "min_length": 1,
        "mean_length": 27.5859375
    }
}