{
    "data_gen1": {
        "generation": 1,
        "best_fit": 2.30041766166687,
        "worest_fit": 3.4028234663852886e+38,
        "mean_fit": 1.8343345248483196e+38,
        "best_ind": "X_4",
        "history_best_fit": 2.30041766166687,
        "history_best_ind": "X_4",
        "action_length": 17,
        "actions": "[2, 3, 3, 3, 3, 2, 3, 2, 0, 2, 0, 1, 4, 0, 3, 2, 5]",
        "max_length": 57,
        "min_length": 1,
        "mean_length": 20.21875
    },
    "data_gen2": {
        "generation": 2,
        "best_fit": 2.1638669967651367,
        "worest_fit": 3.4028234663852886e+38,
        "mean_fit": 2.312856574808751e+38,
        "best_ind": "((X_4 - X_13) - (-0.5535480976104736 - (0.22841554880142212 - X_1)))",
        "history_best_fit": 2.1638669967651367,
        "history_best_ind": "((X_4 - X_13) - (-0.5535480976104736 - (0.22841554880142212 - X_1)))",
        "action_length": 15,
        "actions": "[0, 0, 1, 4, 0, 3, 4, 4, 0, 3, 3, 2, 4, 1, 5]",
        "max_length": 57,
        "min_length": 1,
        "mean_length": 26.21875
    },
    "data_gen3": {
        "generation": 3,
        "best_fit": 1.9772789478302002,
        "worest_fit": 3.4028234663852886e+38,
        "mean_fit": 2.5787021581201015e+38,
        "best_ind": "((X_4 - X_13) - (-0.5535480976104736 - (0.22841554880142212 - (exp((log((exp(X_12)))))))))",
        "history_best_fit": 1.9772789478302002,
        "history_best_ind": "((X_4 - X_13) - (-0.5535480976104736 - (0.22841554880142212 - (exp((log((exp(X_12)))))))))",
        "action_length": 5,
        "actions": "[0, 4, 3, 1, 5]",
        "max_length": 57,
        "min_length": 1,
        "mean_length": 28.2109375
    },
    "data_gen4": {
        "generation": 4,
        "best_fit": 1.977278709411621,
        "worest_fit": 3.4028234663852886e+38,
        "mean_fit": 2.711624949775777e+38,
        "best_ind": "((X_4 - X_13) - (-0.5535480976104736 - (0.22841554880142212 - ((log((exp(X_12)))) pow 2.0))))",
        "history_best_fit": 1.977278709411621,
        "history_best_ind": "((X_4 - X_13) - (-0.5535480976104736 - (0.22841554880142212 - ((log((exp(X_12)))) pow 2.0))))",
        "action_length": 15,
        "actions": "[0, 3, 3, 1, 0, 4, 1, 1, 4, 0, 0, 3, 3, 2, 5]",
        "max_length": 57,
        "min_length": 1,
        "mean_length": 31.109375
    },
    "data_gen5": {
        "generation": 5,
        "best_fit": 1.977278709411621,
        "worest_fit": 3.4028234663852886e+38,
        "mean_fit": 2.020426433166265e+38,
        "best_ind": "((X_4 - X_13) - (-0.5535480976104736 - (0.22841554880142212 - ((log((exp(X_12)))) pow 2.0))))",
        "history_best_fit": 1.977278709411621,
        "history_best_ind": "((X_4 - X_13) - (-0.5535480976104736 - (0.22841554880142212 - ((log((exp(X_12)))) pow 2.0))))",
        "action_length": 4,
        "actions": "[0, 0, 0, 5]",
        "max_length": 51,
        "min_length": 1,
        "mean_length": 26.0625
    },
    "data_gen6": {
        "generation": 6,
        "best_fit": 2.1005284786224365,
        "worest_fit": 3.4028234663852886e+38,
        "mean_fit": 2.392610249802156e+38,
        "best_ind": "((X_4 - X_13) - (-0.5535480976104736 - ((sin((cos((X_10 pow 2.0))))) - ((log((exp(X_12)))) pow 2.0))))",
        "history_best_fit": 1.977278709411621,
        "history_best_ind": "((X_4 - X_13) - (-0.5535480976104736 - (0.22841554880142212 - ((log((exp(X_12)))) pow 2.0))))",
        "action_length": 22,
        "actions": "[0, 3, 1, 0, 0, 1, 2, 0, 4, 0, 3, 0, 0, 0, 0, 1, 4, 4, 0, 4, 0, 5]",
        "max_length": 52,
        "min_length": 1,
        "mean_length": 29.75
    },
    "data_gen7": {
        "generation": 7,
        "best_fit": 2.1005284786224365,
        "worest_fit": 3.4028234663852886e+38,
        "mean_fit": 1.3558124748878884e+38,
        "best_ind": "((X_4 - X_13) - (-0.5535480976104736 - ((sin((cos((X_10 pow 2.0))))) - ((log((exp(X_12)))) pow 2.0))))",
        "history_best_fit": 1.977278709411621,
        "history_best_ind": "((X_4 - X_13) - (-0.5535480976104736 - (0.22841554880142212 - ((log((exp(X_12)))) pow 2.0))))",
        "action_length": 9,
        "actions": "[0, 0, 0, 3, 0, 0, 0, 0, 5]",
        "max_length": 52,
        "min_length": 1,
        "mean_length": 23.21875
    },
    "data_gen8": {
        "generation": 8,
        "best_fit": 2.1005284786224365,
        "worest_fit": 3.4028234663852886e+38,
        "mean_fit": 2.6584558331135067e+36,
        "best_ind": "((X_4 - X_13) - (-0.5535480976104736 - ((sin((cos((X_10 pow 2.0))))) - ((log((exp(X_12)))) pow 2.0))))",
        "history_best_fit": 1.977278709411621,
        "history_best_ind": "((X_4 - X_13) - (-0.5535480976104736 - (0.22841554880142212 - ((log((exp(X_12)))) pow 2.0))))",
        "action_length": 4,
        "actions": "[0, 0, 0, 5]",
        "max_length": 43,
        "min_length": 1,
        "mean_length": 16.0625
    },
    "data_gen9": {
        "generation": 9,
        "best_fit": 3.276520033068664e-07,
        "worest_fit": 3.4028234663852886e+38,
        "mean_fit": 2.9243014164248574e+37,
        "best_ind": "((((((((((((((3.085239887237549 + ((0.0 - 0.0029873771127313375) * X_1)) + (0.15228287875652313 * X_2)) + (0.00549935782328248 * X_3)) + (0.09354328364133835 * X_4)) + ((0.0 - 0.02182615175843239) * X_5)) + ((0.0 - 0.12289001047611237) * X_6)) + ((0.0 - 0.14735659956932068) * X_7)) + ((0.0 - 0.0653696283698082) * X_8)) + ((0.0 - 0.2922912538051605) * X_9)) + (0.4250427484512329 * X_10)) + (0.09763389080762863 * X_11)) + ((0.0 - 0.006589238997548819) * X_12)) + (0.9854551553726196 * X_13)) + (0.2613202929496765 * X_14))",
        "history_best_fit": 3.276520033068664e-07,
        "history_best_ind": "((((((((((((((3.085239887237549 + ((0.0 - 0.0029873771127313375) * X_1)) + (0.15228287875652313 * X_2)) + (0.00549935782328248 * X_3)) + (0.09354328364133835 * X_4)) + ((0.0 - 0.02182615175843239) * X_5)) + ((0.0 - 0.12289001047611237) * X_6)) + ((0.0 - 0.14735659956932068) * X_7)) + ((0.0 - 0.0653696283698082) * X_8)) + ((0.0 - 0.2922912538051605) * X_9)) + (0.4250427484512329 * X_10)) + (0.09763389080762863 * X_11)) + ((0.0 - 0.006589238997548819) * X_12)) + (0.9854551553726196 * X_13)) + (0.2613202929496765 * X_14))",
        "action_length": 126,
        "actions": "[0, 0, 0, 0, 0, 0, 0, 0, 0, 0, 0, 0, 0, 0, 0, 0, 0, 0, 0, 0, 0, 0, 0, 0, 0, 0, 0, 0, 0, 0, 0, 0, 0, 0, 0, 0, 0, 0, 0, 0, 0, 0, 0, 0, 0, 0, 0, 0, 0, 0, 0, 0, 0, 0, 0, 4, 0, 0, 0, 0, 0, 0, 0, 0, 0, 0, 0, 0, 0, 0, 0, 0, 0, 0, 0, 0, 0, 0, 0, 0, 0, 0, 0, 0, 0, 0, 0, 0, 0, 0, 0, 0, 0, 0, 0, 0, 0, 0, 0, 0, 0, 0, 0, 0, 0, 0, 0, 0, 0, 0, 0, 0, 0, 0, 0, 0, 0, 0, 0, 0, 0, 0, 0, 0, 0, 5]",
        "max_length": 71,
        "min_length": 1,
        "mean_length": 13.7109375
    }
}