{
    "data_gen1": {
        "generation": 1,
        "best_fit": 3.276520033068664e-07,
        "worest_fit": 4.868233680725098,
        "mean_fit": 3.6581396119804688,
        "best_ind": "((((((((((((((3.085239887237549 + ((0.0 - 0.0029873771127313375) * X_1)) + (0.15228287875652313 * X_2)) + (0.00549935782328248 * X_3)) + (0.09354328364133835 * X_4)) + ((0.0 - 0.02182615175843239) * X_5)) + ((0.0 - 0.12289001047611237) * X_6)) + ((0.0 - 0.14735659956932068) * X_7)) + ((0.0 - 0.0653696283698082) * X_8)) + ((0.0 - 0.2922912538051605) * X_9)) + (0.4250427484512329 * X_10)) + (0.09763389080762863 * X_11)) + ((0.0 - 0.006589238997548819) * X_12)) + (0.9854551553726196 * X_13)) + (0.2613202929496765 * X_14))",
        "history_best_fit": 3.276520033068664e-07,
        "history_best_ind": "((((((((((((((3.085239887237549 + ((0.0 - 0.0029873771127313375) * X_1)) + (0.15228287875652313 * X_2)) + (0.00549935782328248 * X_3)) + (0.09354328364133835 * X_4)) + ((0.0 - 0.02182615175843239) * X_5)) + ((0.0 - 0.12289001047611237) * X_6)) + ((0.0 - 0.14735659956932068) * X_7)) + ((0.0 - 0.0653696283698082) * X_8)) + ((0.0 - 0.2922912538051605) * X_9)) + (0.4250427484512329 * X_10)) + (0.09763389080762863 * X_11)) + ((0.0 - 0.006589238997548819) * X_12)) + (0.9854551553726196 * X_13)) + (0.2613202929496765 * X_14))",
        "action_length": 2,
        "actions": "[4, 5]",
        "value_seq": "None",
        "max_length": 71,
        "min_length": 1,
        "mean_length": 10.360902255639099
    },
    "data_gen2": {
        "generation": 2,
        "best_fit": 1.9587592703373957e-07,
        "worest_fit": 3.4028234663852886e+38,
        "mean_fit": 1.0234055538000867e+38,
        "best_ind": "((((((((((((X_0 + (0.00549935782328248 * X_3)) + (0.09354328364133835 * X_4)) + ((0.0 - 0.02182615175843239) * X_5)) + ((0.0 - 0.12289001047611237) * X_6)) + ((0.0 - 0.14735659956932068) * X_7)) + ((0.0 - 0.0653696283698082) * X_10)) + ((0.0 - 0.2922912538051605) * X_9)) + (0.4250427484512329 * X_10)) + (0.09763389080762863 * X_11)) + ((0.0 - 0.006589238997548819) * X_12)) + (0.9854551553726196 * X_13)) + (0.2613202929496765 * X_14))",
        "history_best_fit": 1.9587592703373957e-07,
        "history_best_ind": "((((((((((((X_0 + (0.00549935782328248 * X_3)) + (0.09354328364133835 * X_4)) + ((0.0 - 0.02182615175843239) * X_5)) + ((0.0 - 0.12289001047611237) * X_6)) + ((0.0 - 0.14735659956932068) * X_7)) + ((0.0 - 0.0653696283698082) * X_10)) + ((0.0 - 0.2922912538051605) * X_9)) + (0.4250427484512329 * X_10)) + (0.09763389080762863 * X_11)) + ((0.0 - 0.006589238997548819) * X_12)) + (0.9854551553726196 * X_13)) + (0.2613202929496765 * X_14))",
        "action_length": 13,
        "actions": "[4, 1, 0, 0, 0, 1, 0, 3, 2, 3, 0, 2, 5]",
        "value_seq": "None",
        "max_length": 71,
        "min_length": 1,
        "mean_length": 17.075187969924812
    },
    "data_gen3": {
        "generation": 3,
        "best_fit": 3.355718547481956e-07,
        "worest_fit": 3.4028234663852886e+38,
        "mean_fit": 1.3048420810951107e+38,
        "best_ind": "((((((((((((((3.085239887237549 + ((0.0 - 0.0029873771127313375) * X_1)) + (0.15228287875652313 * X_2)) + (0.00549935782328248 * X_3)) + (0.09354328364133835 / X_4)) + ((0.0 - 0.02182615175843239) * X_5)) + ((0.0 - 0.12289001047611237) * X_6)) + ((0.0 - 0.14735659956932068) * X_7)) + ((0.0 - 0.0653696283698082) * X_8)) + ((-0.21939675509929657 - 0.2922912538051605) * X_9)) + (0.4250427484512329 * X_10)) + (0.09763389080762863 * X_1)) + ((0.0 - 0.006589238997548819) * X_12)) + (0.9854551553726196 * X_13)) + (0.2613202929496765 * X_14))",
        "history_best_fit": 1.9587592703373957e-07,
        "history_best_ind": "((((((((((((X_0 + (0.00549935782328248 * X_3)) + (0.09354328364133835 * X_4)) + ((0.0 - 0.02182615175843239) * X_5)) + ((0.0 - 0.12289001047611237) * X_6)) + ((0.0 - 0.14735659956932068) * X_7)) + ((0.0 - 0.0653696283698082) * X_10)) + ((0.0 - 0.2922912538051605) * X_9)) + (0.4250427484512329 * X_10)) + (0.09763389080762863 * X_11)) + ((0.0 - 0.006589238997548819) * X_12)) + (0.9854551553726196 * X_13)) + (0.2613202929496765 * X_14))",
        "action_length": 5,
        "actions": "[3, 1, 2, 2, 5]",
        "value_seq": "None",
        "max_length": 71,
        "min_length": 1,
        "mean_length": 19.0
    }
}