{
    "data_gen1": {
        "generation": 1,
        "best_fit": 0.5639699101448059,
        "worest_fit": 1.4800758361816406,
        "mean_fit": 1.2552827782928944,
        "best_ind": "(exp(((sin((-0.12963905930519104 - X_1))) - ((X_0 / X_2) + (X_0 + X_3)))))",
        "history_best_fit": 0.5639699101448059,
        "history_best_ind": "(exp(((sin((-0.12963905930519104 - X_1))) - ((X_0 / X_2) + (X_0 + X_3)))))",
        "action_length": 2,
        "actions": "[3, 6]",
        "max_length": 50,
        "min_length": 1,
        "mean_length": 9.5625
    },
    "data_gen2": {
        "generation": 2,
        "best_fit": 0.5639699101448059,
        "worest_fit": 3.4028234663852886e+38,
        "mean_fit": 5.051066082915663e+37,
        "best_ind": "(exp(((sin((-0.12963905930519104 - X_1))) - ((X_0 / X_2) + (X_0 + X_3)))))",
        "history_best_fit": 0.5639699101448059,
        "history_best_ind": "(exp(((sin((-0.12963905930519104 - X_1))) - ((X_0 / X_2) + (X_0 + X_3)))))",
        "action_length": 3,
        "actions": "[4, 1, 6]",
        "max_length": 54,
        "min_length": 1,
        "mean_length": 13.6953125
    },
    "data_gen3": {
        "generation": 3,
        "best_fit": 0.5817648768424988,
        "worest_fit": 3.4028234663852886e+38,
        "mean_fit": 1.1431360082388079e+38,
        "best_ind": "(exp(((sin((-0.12963905930519104 - X_0))) - ((X_0 / X_2) + (X_0 + X_3)))))",
        "history_best_fit": 0.5639699101448059,
        "history_best_ind": "(exp(((sin((-0.12963905930519104 - X_1))) - ((X_0 / X_2) + (X_0 + X_3)))))",
        "action_length": 8,
        "actions": "[1, 0, 2, 3, 1, 0, 5, 6]",
        "max_length": 54,
        "min_length": 1,
        "mean_length": 19.703125
    },
    "data_gen4": {
        "generation": 4,
        "best_fit": 0.5817648768424988,
        "worest_fit": 1.4667505025863647,
        "mean_fit": 1.1298602288588881,
        "best_ind": "(exp(((sin((-0.12963905930519104 - X_0))) - ((X_0 / X_2) + (X_0 + X_3)))))",
        "history_best_fit": 0.5639699101448059,
        "history_best_ind": "(exp(((sin((-0.12963905930519104 - X_1))) - ((X_0 / X_2) + (X_0 + X_3)))))",
        "action_length": 1,
        "actions": "[6]",
        "max_length": 54,
        "min_length": 1,
        "mean_length": 15.3671875
    },
    "data_gen5": {
        "generation": 5,
        "best_fit": 0.5710426568984985,
        "worest_fit": 3.4028234663852886e+38,
        "mean_fit": 1.1165514499076728e+38,
        "best_ind": "(exp(((sin((-0.12963905930519104 * X_0))) - ((X_0 / X_2) + (X_2 + X_3)))))",
        "history_best_fit": 0.5639699101448059,
        "history_best_ind": "(exp(((sin((-0.12963905930519104 - X_1))) - ((X_0 / X_2) + (X_0 + X_3)))))",
        "action_length": 19,
        "actions": "[4, 1, 5, 5, 2, 3, 3, 4, 4, 0, 0, 1, 5, 5, 4, 1, 0, 5, 6]",
        "max_length": 54,
        "min_length": 1,
        "mean_length": 22.46875
    },
    "data_gen6": {
        "generation": 6,
        "best_fit": 2.9049951777437855e-08,
        "worest_fit": 3.4028234663852886e+38,
        "mean_fit": 5.3169116662270134e+36,
        "best_ind": "(((((0.0 - 2.187404155731201) + (0.1881936937570572 * X_1)) + (0.23029941320419312 * X_2)) + (0.35475143790245056 * X_3)) + (0.5906545519828796 * X_4))",
        "history_best_fit": 2.9049951777437855e-08,
        "history_best_ind": "(((((0.0 - 2.187404155731201) + (0.1881936937570572 * X_1)) + (0.23029941320419312 * X_2)) + (0.35475143790245056 * X_3)) + (0.5906545519828796 * X_4))",
        "action_length": 5,
        "actions": "[5, 0, 2, 0, 6]",
        "max_length": 49,
        "min_length": 1,
        "mean_length": 14.7109375
    }
}